,id,value,location,sample date,measure
20,2245,0.0,Boonsri,11-Jan-98,Mercury
52,8315,0.0,Kannika,26-Jan-98,Mercury
84,8796,0.0,Kannika,26-Jan-98,Mercury
116,9279,0.0,Kannika,26-Jan-98,Mercury
148,5072,0.0,Chai,31-Jan-98,Mercury
180,5556,0.0,Chai,31-Jan-98,Mercury
212,6034,0.0,Chai,31-Jan-98,Mercury
244,2285,0.0,Boonsri,15-Feb-98,Mercury
276,5111,0.0,Chai,20-Feb-98,Mercury
308,5595,0.0,Chai,20-Feb-98,Mercury
340,6073,0.0,Chai,20-Feb-98,Mercury
372,8355,0.0,Kannika,24-Feb-98,Mercury
404,8836,0.0,Kannika,24-Feb-98,Mercury
436,9319,0.0,Kannika,24-Feb-98,Mercury
468,2325,0.0,Boonsri,12-Mar-98,Mercury
500,5150,0.0,Chai,19-Mar-98,Mercury
532,5634,0.0,Chai,19-Mar-98,Mercury
564,6112,0.0,Chai,19-Mar-98,Mercury
596,8395,0.0,Kannika,21-Mar-98,Mercury
628,8876,0.0,Kannika,21-Mar-98,Mercury
660,9359,0.0,Kannika,21-Mar-98,Mercury
692,2365,0.0,Boonsri,11-Apr-98,Mercury
726,2728,0.0,Boonsri,11-Apr-98,Mercury
759,4829,0.0,Kohsoom,16-Apr-98,Mercury
793,5189,0.0,Chai,17-Apr-98,Mercury
827,5673,0.0,Chai,17-Apr-98,Mercury
861,6151,0.0,Chai,17-Apr-98,Mercury
895,6513,0.0,Somchair,17-Apr-98,Mercury
928,8435,0.0,Kannika,18-Apr-98,Mercury
962,8916,0.0,Kannika,18-Apr-98,Mercury
996,9399,0.0,Kannika,18-Apr-98,Mercury
1030,9888,0.0,Sakda,18-Apr-98,Mercury
1063,2407,0.0,Boonsri,9-May-98,Mercury
1095,2769,0.0,Boonsri,9-May-98,Mercury
1127,5230,0.0,Chai,20-May-98,Mercury
1160,5714,0.0,Chai,20-May-98,Mercury
1193,6192,0.0,Chai,20-May-98,Mercury
1226,8477,0.0,Kannika,26-May-98,Mercury
1258,8958,0.0,Kannika,26-May-98,Mercury
1290,9441,0.0,Kannika,26-May-98,Mercury
1322,2446,0.0,Boonsri,6-Jun-98,Mercury
1356,2808,0.0,Boonsri,6-Jun-98,Mercury
1390,4871,0.0,Kohsoom,27-Jun-98,Mercury
1424,5270,0.0,Chai,28-Jun-98,Mercury
1457,5754,0.0,Chai,28-Jun-98,Mercury
1490,6232,0.0,Chai,28-Jun-98,Mercury
1523,6554,0.0,Somchair,29-Jun-98,Mercury
1556,8517,0.0,Kannika,29-Jun-98,Mercury
1589,8998,0.0,Kannika,29-Jun-98,Mercury
1622,9481,0.0,Kannika,29-Jun-98,Mercury
1655,9929,0.0,Sakda,30-Jun-98,Mercury
1689,2488,0.0,Boonsri,11-Jul-98,Mercury
1721,2850,0.0,Boonsri,11-Jul-98,Mercury
1754,5311,0.0,Chai,23-Jul-98,Mercury
1786,5795,0.0,Chai,23-Jul-98,Mercury
1818,6273,0.0,Chai,23-Jul-98,Mercury
1850,8558,0.0,Kannika,26-Jul-98,Mercury
1882,9039,0.0,Kannika,26-Jul-98,Mercury
1914,9522,0.0,Kannika,26-Jul-98,Mercury
1946,2528,0.0,Boonsri,8-Aug-98,Mercury
1978,2891,0.0,Boonsri,8-Aug-98,Mercury
2028,4913,0.0,Kohsoom,22-Aug-98,Mercury
2060,5357,0.0,Chai,23-Aug-98,Mercury
2092,5835,0.0,Chai,23-Aug-98,Mercury
2124,6313,0.0,Chai,23-Aug-98,Mercury
2156,6595,0.0,Somchair,24-Aug-98,Mercury
2188,8604,0.0,Kannika,25-Aug-98,Mercury
2220,9079,0.0,Kannika,25-Aug-98,Mercury
2252,9562,0.0,Kannika,25-Aug-98,Mercury
2284,9971,0.0,Sakda,26-Aug-98,Mercury
2316,2568,0.0,Boonsri,5-Sep-98,Mercury
2348,2931,0.0,Boonsri,5-Sep-98,Mercury
2380,8644,0.0,Kannika,20-Sep-98,Mercury
2412,9119,0.0,Kannika,20-Sep-98,Mercury
2444,9602,0.0,Kannika,20-Sep-98,Mercury
2476,5397,0.0,Chai,27-Sep-98,Mercury
2508,5875,0.0,Chai,27-Sep-98,Mercury
2540,6353,0.0,Chai,27-Sep-98,Mercury
2572,4953,0.0,Kohsoom,1-Oct-98,Mercury
2604,2608,0.0,Boonsri,3-Oct-98,Mercury
2636,2971,0.0,Boonsri,3-Oct-98,Mercury
2668,8684,0.0,Kannika,23-Oct-98,Mercury
2700,9159,0.0,Kannika,23-Oct-98,Mercury
2732,9642,0.0,Kannika,23-Oct-98,Mercury
2764,9768,0.0,Sakda,24-Oct-98,Mercury
2796,10011,0.0,Sakda,24-Oct-98,Mercury
2828,10131,0.0,Sakda,24-Oct-98,Mercury
2860,6755,0.0,Busarakhan,29-Oct-98,Mercury
2892,5437,0.0,Chai,30-Oct-98,Mercury
2924,5915,0.0,Chai,30-Oct-98,Mercury
2956,6393,0.0,Chai,30-Oct-98,Mercury
2988,6635,0.0,Somchair,30-Oct-98,Mercury
3020,2648,0.0,Boonsri,7-Nov-98,Mercury
3052,3011,0.0,Boonsri,7-Nov-98,Mercury
3084,4993,0.0,Kohsoom,14-Nov-98,Mercury
3116,8724,0.0,Kannika,20-Nov-98,Mercury
3148,9199,0.0,Kannika,20-Nov-98,Mercury
3180,9682,0.0,Kannika,20-Nov-98,Mercury
3212,9808,0.0,Sakda,20-Nov-98,Mercury
3244,10051,0.0,Sakda,20-Nov-98,Mercury
3276,10171,0.0,Sakda,20-Nov-98,Mercury
3308,5477,0.0,Chai,26-Nov-98,Mercury
3340,5955,0.0,Chai,26-Nov-98,Mercury
3372,6433,0.0,Chai,26-Nov-98,Mercury
3404,6675,0.0,Somchair,28-Nov-98,Mercury
3436,6795,0.0,Busarakhan,28-Nov-98,Mercury
3468,2688,0.0,Boonsri,5-Dec-98,Mercury
3500,3051,0.0,Boonsri,5-Dec-98,Mercury
3532,9848,0.0,Sakda,10-Dec-98,Mercury
3564,10091,0.0,Sakda,10-Dec-98,Mercury
3596,10211,0.0,Sakda,10-Dec-98,Mercury
3628,5033,0.0,Kohsoom,13-Dec-98,Mercury
3658,8758,0.0,Kannika,17-Dec-98,Mercury
3689,9239,0.0,Kannika,17-Dec-98,Mercury
3721,9722,0.0,Kannika,17-Dec-98,Mercury
3753,5517,0.0,Chai,18-Dec-98,Mercury
3785,5995,0.0,Chai,18-Dec-98,Mercury
3817,6473,0.0,Chai,18-Dec-98,Mercury
3849,6715,0.0,Somchair,19-Dec-98,Mercury
3881,6835,0.0,Busarakhan,19-Dec-98,Mercury
36142,589643,0.40700000000000003,Boonsri,14-Jan-05,Mercury
36189,591245,0.0,Boonsri,14-Jan-05,Mercury
36234,592993,0.0,Boonsri,14-Jan-05,Mercury
36276,613534,0.0,Kannika,16-Jan-05,Mercury
36317,614476,0.0,Kannika,16-Jan-05,Mercury
36356,615486,0.0,Kannika,16-Jan-05,Mercury
36397,616415,0.0,Sakda,16-Jan-05,Mercury
36439,617359,0.0,Sakda,16-Jan-05,Mercury
36479,618374,0.0,Sakda,16-Jan-05,Mercury
36519,607574,0.0,Somchair,22-Jan-05,Mercury
36559,608521,0.0,Busarakhan,22-Jan-05,Mercury
36600,603333,0.483,Chai,27-Jan-05,Mercury
36640,604699,1.27,Chai,27-Jan-05,Mercury
36677,606223,0.0,Chai,27-Jan-05,Mercury
36717,589694,0.0,Boonsri,28-Jan-05,Mercury
36765,591303,1.109,Boonsri,28-Jan-05,Mercury
36812,593043,0.995,Boonsri,28-Jan-05,Mercury
36893,603369,0.377,Chai,31-Jan-05,Mercury
36913,604741,0.0,Chai,31-Jan-05,Mercury
36933,606258,0.0,Chai,31-Jan-05,Mercury
36962,589746,0.0,Boonsri,11-Feb-05,Mercury
36998,591363,0.0,Boonsri,11-Feb-05,Mercury
37032,593095,0.0,Boonsri,11-Feb-05,Mercury
37065,613580,0.579,Kannika,11-Feb-05,Mercury
37101,614529,0.0,Kannika,11-Feb-05,Mercury
37134,615533,0.0,Kannika,11-Feb-05,Mercury
37167,616462,0.0,Sakda,11-Feb-05,Mercury
37204,617413,0.0,Sakda,11-Feb-05,Mercury
37237,618420,0.0,Sakda,11-Feb-05,Mercury
37270,607621,0.0,Somchair,20-Feb-05,Mercury
37312,608568,0.0,Busarakhan,20-Feb-05,Mercury
37347,603394,0.0,Chai,21-Feb-05,Mercury
37369,604768,0.0,Chai,21-Feb-05,Mercury
37390,606284,0.0,Chai,21-Feb-05,Mercury
37421,589789,0.0,Boonsri,24-Feb-05,Mercury
37468,591413,0.0,Boonsri,24-Feb-05,Mercury
37514,593137,0.0,Boonsri,24-Feb-05,Mercury
37598,603420,0.0,Chai,28-Feb-05,Mercury
37631,604800,0.0,Chai,28-Feb-05,Mercury
37662,606309,0.0,Chai,28-Feb-05,Mercury
37703,589840,0.0,Boonsri,11-Mar-05,Mercury
37749,591471,0.0,Boonsri,11-Mar-05,Mercury
37794,593188,0.34700000000000003,Boonsri,11-Mar-05,Mercury
37837,613621,0.579,Kannika,11-Mar-05,Mercury
37877,614577,0.0,Kannika,11-Mar-05,Mercury
37916,615572,0.0,Kannika,11-Mar-05,Mercury
37954,616504,0.0,Sakda,11-Mar-05,Mercury
37992,617459,0.0,Sakda,11-Mar-05,Mercury
38028,618458,0.0,Sakda,11-Mar-05,Mercury
38065,603464,0.0,Chai,17-Mar-05,Mercury
38107,604851,0.0,Chai,17-Mar-05,Mercury
38146,606353,0.0,Chai,17-Mar-05,Mercury
38186,607668,0.0,Somchair,24-Mar-05,Mercury
38229,608616,0.0,Busarakhan,24-Mar-05,Mercury
38274,589892,0.0,Boonsri,25-Mar-05,Mercury
38324,591531,0.0,Boonsri,25-Mar-05,Mercury
38373,593240,0.0,Boonsri,25-Mar-05,Mercury
38461,603503,0.0,Chai,31-Mar-05,Mercury
38496,604896,0.0,Chai,31-Mar-05,Mercury
38528,606391,0.0,Chai,31-Mar-05,Mercury
38571,589947,0.0,Boonsri,8-Apr-05,Mercury
38618,591594,0.0,Boonsri,8-Apr-05,Mercury
38663,593295,0.0,Boonsri,8-Apr-05,Mercury
38705,613666,0.0,Kannika,8-Apr-05,Mercury
38749,614630,0.0,Kannika,8-Apr-05,Mercury
38790,615616,0.0,Kannika,8-Apr-05,Mercury
38832,616548,0.0,Sakda,8-Apr-05,Mercury
38875,617510,0.0,Sakda,8-Apr-05,Mercury
38915,618501,0.0,Sakda,8-Apr-05,Mercury
38956,603548,0.0,Chai,11-Apr-05,Mercury
38999,604947,0.0,Chai,11-Apr-05,Mercury
39040,606436,0.0,Chai,11-Apr-05,Mercury
39077,603589,0.0,Chai,21-Apr-05,Mercury
39114,604995,0.0,Chai,21-Apr-05,Mercury
39149,606477,0.33399999999999996,Chai,21-Apr-05,Mercury
39191,589999,0.0,Boonsri,22-Apr-05,Mercury
39240,591653,0.0,Boonsri,22-Apr-05,Mercury
39289,593345,0.0,Boonsri,22-Apr-05,Mercury
39334,607715,0.0,Somchair,24-Apr-05,Mercury
39376,608663,0.0,Busarakhan,24-Apr-05,Mercury
39469,590053,0.0,Boonsri,13-May-05,Mercury
39517,591709,0.0,Boonsri,13-May-05,Mercury
39565,593399,0.0,Boonsri,13-May-05,Mercury
39613,613715,0.0,Kannika,13-May-05,Mercury
39659,614685,0.39299999999999996,Kannika,13-May-05,Mercury
39704,615664,0.0,Kannika,13-May-05,Mercury
39749,616596,0.0,Sakda,13-May-05,Mercury
39795,617563,0.0,Sakda,13-May-05,Mercury
39840,618548,0.0,Sakda,13-May-05,Mercury
39882,603634,0.322,Chai,16-May-05,Mercury
39926,605047,0.0,Chai,16-May-05,Mercury
39969,606521,0.0,Chai,16-May-05,Mercury
40004,603673,0.0,Chai,23-May-05,Mercury
40039,605089,0.0,Chai,23-May-05,Mercury
40072,606560,0.0,Chai,23-May-05,Mercury
40177,590127,0.0,Boonsri,28-May-05,Mercury
40208,591783,0.0,Boonsri,28-May-05,Mercury
40239,593474,0.0,Boonsri,28-May-05,Mercury
40317,607764,0.0,Somchair,29-May-05,Mercury
40361,608711,0.0,Busarakhan,29-May-05,Mercury
40408,590164,0.0,Boonsri,10-Jun-05,Mercury
40455,591827,0.0,Boonsri,10-Jun-05,Mercury
40501,593511,0.0,Boonsri,10-Jun-05,Mercury
40544,613764,0.0,Kannika,10-Jun-05,Mercury
40571,614742,0.0,Kannika,10-Jun-05,Mercury
40596,615713,0.0,Kannika,10-Jun-05,Mercury
40623,616648,0.0,Sakda,10-Jun-05,Mercury
40651,617621,0.0,Sakda,10-Jun-05,Mercury
40678,618598,0.0,Sakda,10-Jun-05,Mercury
40816,603721,0.0,Chai,13-Jun-05,Mercury
40861,605143,0.0,Chai,13-Jun-05,Mercury
40906,606608,0.0,Chai,13-Jun-05,Mercury
40950,607813,0.0,Somchair,17-Jun-05,Mercury
40976,608761,0.0,Busarakhan,17-Jun-05,Mercury
40997,603765,0.0,Chai,20-Jun-05,Mercury
41034,605195,0.0,Chai,20-Jun-05,Mercury
41068,606652,0.0,Chai,20-Jun-05,Mercury
41148,590216,0.0,Boonsri,24-Jun-05,Mercury
41197,591886,0.0,Boonsri,24-Jun-05,Mercury
41242,593563,0.0,Boonsri,24-Jun-05,Mercury
41324,590270,0.0,Boonsri,8-Jul-05,Mercury
41375,591944,0.0,Boonsri,8-Jul-05,Mercury
41425,593617,0.0,Boonsri,8-Jul-05,Mercury
41476,613819,0.0,Kannika,8-Jul-05,Mercury
41524,614802,0.0,Kannika,8-Jul-05,Mercury
41571,615767,0.0,Kannika,8-Jul-05,Mercury
41618,616703,0.0,Sakda,8-Jul-05,Mercury
41667,617683,0.0,Sakda,8-Jul-05,Mercury
41714,618652,0.0,Sakda,8-Jul-05,Mercury
41760,590326,0.0,Boonsri,22-Jul-05,Mercury
41809,592008,0.0,Boonsri,22-Jul-05,Mercury
41857,593673,0.0,Boonsri,22-Jul-05,Mercury
41904,603813,0.0,Chai,23-Jul-05,Mercury
41951,605250,0.0,Chai,23-Jul-05,Mercury
41997,606700,0.0,Chai,23-Jul-05,Mercury
42071,607865,0.0,Somchair,24-Jul-05,Mercury
42117,608814,0.0,Busarakhan,24-Jul-05,Mercury
42177,603857,0.0,Chai,31-Jul-05,Mercury
42216,605303,0.0,Chai,31-Jul-05,Mercury
42253,606744,0.0,Chai,31-Jul-05,Mercury
42298,590380,0.0,Boonsri,12-Aug-05,Mercury
42348,592069,0.0,Boonsri,12-Aug-05,Mercury
42397,593727,0.0,Boonsri,12-Aug-05,Mercury
42447,613872,0.0,Kannika,12-Aug-05,Mercury
42500,614864,0.0,Kannika,12-Aug-05,Mercury
42551,615820,0.0,Kannika,12-Aug-05,Mercury
42602,616757,0.0,Sakda,12-Aug-05,Mercury
42655,617745,0.0,Sakda,12-Aug-05,Mercury
42706,618705,0.0,Sakda,12-Aug-05,Mercury
42755,607917,0.0,Somchair,14-Aug-05,Mercury
42784,608866,0.0,Busarakhan,14-Aug-05,Mercury
42813,603906,0.0,Chai,18-Aug-05,Mercury
42863,605360,0.0,Chai,18-Aug-05,Mercury
42911,606793,0.0,Chai,18-Aug-05,Mercury
42975,603955,0.0,Chai,25-Aug-05,Mercury
43015,605416,0.0,Chai,25-Aug-05,Mercury
43054,606841,0.0,Chai,25-Aug-05,Mercury
43098,590435,0.0,Boonsri,26-Aug-05,Mercury
43150,592132,0.0,Boonsri,26-Aug-05,Mercury
43201,593782,0.0,Boonsri,26-Aug-05,Mercury
43319,590490,0.469,Boonsri,9-Sep-05,Mercury
43367,592191,0.0,Boonsri,9-Sep-05,Mercury
43414,593837,0.0,Boonsri,9-Sep-05,Mercury
43461,613926,0.0,Kannika,9-Sep-05,Mercury
43507,614925,0.0,Kannika,9-Sep-05,Mercury
43551,615873,0.0,Kannika,9-Sep-05,Mercury
43595,616811,0.0,Sakda,9-Sep-05,Mercury
43640,617806,0.0,Sakda,9-Sep-05,Mercury
43684,618758,0.0,Sakda,9-Sep-05,Mercury
43728,604001,0.0,Chai,22-Sep-05,Mercury
43773,605470,0.0,Chai,22-Sep-05,Mercury
43817,606886,0.0,Chai,22-Sep-05,Mercury
43861,590543,0.0,Boonsri,23-Sep-05,Mercury
43911,592247,0.0,Boonsri,23-Sep-05,Mercury
43960,593890,0.0,Boonsri,23-Sep-05,Mercury
44009,607969,0.0,Somchair,24-Sep-05,Mercury
44054,608918,0.0,Busarakhan,24-Sep-05,Mercury
44138,604045,0.0,Chai,29-Sep-05,Mercury
44179,605522,0.0,Chai,29-Sep-05,Mercury
44218,606930,0.0,Chai,29-Sep-05,Mercury
44263,590600,0.0,Boonsri,2-Oct-05,Mercury
44300,592311,0.0,Boonsri,2-Oct-05,Mercury
44340,593947,0.0,Boonsri,2-Oct-05,Mercury
44374,604095,0.0,Chai,10-Oct-05,Mercury
44414,605579,0.0,Chai,10-Oct-05,Mercury
44457,606979,0.0,Chai,10-Oct-05,Mercury
44498,613976,0.0,Kannika,14-Oct-05,Mercury
44538,614982,0.0,Kannika,14-Oct-05,Mercury
44575,615922,0.0,Kannika,14-Oct-05,Mercury
44615,616860,0.0,Sakda,14-Oct-05,Mercury
44655,617863,0.0,Sakda,14-Oct-05,Mercury
44694,618807,0.0,Sakda,14-Oct-05,Mercury
44728,604135,0.0,Chai,20-Oct-05,Mercury
44761,605631,0.0,Chai,20-Oct-05,Mercury
44790,607022,0.0,Chai,20-Oct-05,Mercury
44823,590642,0.0,Boonsri,21-Oct-05,Mercury
44863,592365,0.0,Boonsri,21-Oct-05,Mercury
44900,593988,0.0,Boonsri,21-Oct-05,Mercury
44937,602841,0.0,Kohsoom,23-Oct-05,Mercury
44967,608019,0.0,Somchair,23-Oct-05,Mercury
45010,608967,0.0,Busarakhan,23-Oct-05,Mercury
45054,590687,0.0,Boonsri,6-Nov-05,Mercury
45096,592416,0.0,Boonsri,6-Nov-05,Mercury
45139,594032,0.0,Boonsri,6-Nov-05,Mercury
45177,614022,0.0,Kannika,11-Nov-05,Mercury
45216,615033,0.0,Kannika,11-Nov-05,Mercury
45252,615969,0.0,Kannika,11-Nov-05,Mercury
45289,616906,0.0,Sakda,11-Nov-05,Mercury
45327,617916,0.0,Sakda,11-Nov-05,Mercury
45362,618852,0.0,Sakda,11-Nov-05,Mercury
45399,604177,0.0,Chai,19-Nov-05,Mercury
45441,605678,0.0,Chai,19-Nov-05,Mercury
45480,607059,0.0,Chai,19-Nov-05,Mercury
45518,608071,0.0,Somchair,24-Nov-05,Mercury
45557,609017,0.0,Busarakhan,24-Nov-05,Mercury
45599,590734,0.0,Boonsri,25-Nov-05,Mercury
45638,592474,0.0,Boonsri,25-Nov-05,Mercury
45674,594078,0.0,Boonsri,25-Nov-05,Mercury
45709,604219,0.0,Chai,26-Nov-05,Mercury
45740,605727,0.0,Chai,26-Nov-05,Mercury
45769,607098,0.0,Chai,26-Nov-05,Mercury
45844,590778,0.0,Boonsri,2-Dec-05,Mercury
45888,592525,0.0,Boonsri,2-Dec-05,Mercury
45930,594125,0.0,Boonsri,2-Dec-05,Mercury
45969,604257,0.0,Chai,5-Dec-05,Mercury
46003,605772,0.0,Chai,5-Dec-05,Mercury
46037,607135,0.0,Chai,5-Dec-05,Mercury
46069,614066,0.0,Kannika,9-Dec-05,Mercury
46102,615083,0.0,Kannika,9-Dec-05,Mercury
46133,616012,0.0,Kannika,9-Dec-05,Mercury
46164,616949,0.0,Sakda,9-Dec-05,Mercury
46196,617964,0.0,Sakda,9-Dec-05,Mercury
46232,618893,0.0,Sakda,9-Dec-05,Mercury
46269,590826,0.0,Boonsri,16-Dec-05,Mercury
46310,592581,0.0,Boonsri,16-Dec-05,Mercury
46348,594172,0.0,Boonsri,16-Dec-05,Mercury
46379,604291,0.0,Chai,16-Dec-05,Mercury
46407,605815,0.0,Chai,16-Dec-05,Mercury
46439,607168,0.0,Chai,16-Dec-05,Mercury
46476,602923,0.0,Kohsoom,18-Dec-05,Mercury
46515,608115,0.0,Somchair,22-Dec-05,Mercury
46551,609062,0.0,Busarakhan,22-Dec-05,Mercury
46589,683188,0.025,Boonsri,13-Jan-06,Mercury
46627,684787,0.025,Boonsri,13-Jan-06,Mercury
46663,686468,0.115,Boonsri,13-Jan-06,Mercury
46700,707032,0.025,Kannika,13-Jan-06,Mercury
46737,707983,0.025,Kannika,13-Jan-06,Mercury
46771,709005,0.025,Kannika,13-Jan-06,Mercury
46806,709966,0.025,Sakda,13-Jan-06,Mercury
46841,710917,0.025,Sakda,13-Jan-06,Mercury
46877,711915,0.025,Sakda,13-Jan-06,Mercury
46915,696839,0.161,Chai,19-Jan-06,Mercury
46953,698213,0.16,Chai,19-Jan-06,Mercury
46989,699712,0.048,Chai,19-Jan-06,Mercury
47151,696876,0.08,Chai,28-Jan-06,Mercury
47181,698257,0.067,Chai,28-Jan-06,Mercury
47212,699749,0.16,Chai,28-Jan-06,Mercury
47246,702036,0.025,Busarakhan,28-Jan-06,Mercury
47319,701078,0.025,Somchair,29-Jan-06,Mercury
47355,683280,0.025,Boonsri,10-Feb-06,Mercury
47397,684885,0.025,Boonsri,10-Feb-06,Mercury
47439,686562,0.025,Boonsri,10-Feb-06,Mercury
47480,707073,0.025,Kannika,10-Feb-06,Mercury
47515,708023,0.025,Kannika,10-Feb-06,Mercury
47554,709045,0.025,Kannika,10-Feb-06,Mercury
47594,710006,0.025,Sakda,10-Feb-06,Mercury
47628,710960,0.026000000000000002,Sakda,10-Feb-06,Mercury
47666,711958,0.025,Sakda,10-Feb-06,Mercury
47707,683328,0.025,Boonsri,24-Feb-06,Mercury
47750,684933,0.025,Boonsri,24-Feb-06,Mercury
47793,686610,0.025,Boonsri,24-Feb-06,Mercury
47836,696914,0.025,Chai,24-Feb-06,Mercury
47876,698298,0.025,Chai,24-Feb-06,Mercury
47913,699787,0.025,Chai,24-Feb-06,Mercury
47949,701118,0.541,Somchair,25-Feb-06,Mercury
47986,702079,0.111,Busarakhan,25-Feb-06,Mercury
48062,696954,0.025,Chai,28-Feb-06,Mercury
48093,698335,0.025,Chai,28-Feb-06,Mercury
48122,699823,0.040999999999999995,Chai,28-Feb-06,Mercury
48159,683377,0.025,Boonsri,9-Mar-06,Mercury
48205,684982,0.025,Boonsri,9-Mar-06,Mercury
48248,686660,0.025,Boonsri,9-Mar-06,Mercury
48289,707112,0.025,Kannika,9-Mar-06,Mercury
48327,708066,0.025,Kannika,9-Mar-06,Mercury
48365,709089,0.027000000000000003,Kannika,9-Mar-06,Mercury
48404,710045,0.028999999999999998,Sakda,9-Mar-06,Mercury
48445,711002,0.025,Sakda,9-Mar-06,Mercury
48472,712002,0.034,Sakda,9-Mar-06,Mercury
48500,696994,0.031,Chai,17-Mar-06,Mercury
48540,698373,0.025,Chai,17-Mar-06,Mercury
48578,699863,0.025,Chai,17-Mar-06,Mercury
48616,683428,0.025,Boonsri,23-Mar-06,Mercury
48658,685030,0.028999999999999998,Boonsri,23-Mar-06,Mercury
48700,686709,0.025,Boonsri,23-Mar-06,Mercury
48742,701160,0.026000000000000002,Somchair,23-Mar-06,Mercury
48778,702124,0.04,Busarakhan,23-Mar-06,Mercury
48853,697035,0.025,Chai,29-Mar-06,Mercury
48875,698412,0.025,Chai,29-Mar-06,Mercury
48908,699901,0.025,Chai,29-Mar-06,Mercury
48943,683477,0.03,Boonsri,6-Apr-06,Mercury
48989,685086,0.025,Boonsri,6-Apr-06,Mercury
49033,686759,0.025,Boonsri,6-Apr-06,Mercury
49076,707158,0.051,Kannika,15-Apr-06,Mercury
49118,708119,0.025,Kannika,15-Apr-06,Mercury
49156,709135,0.255,Kannika,15-Apr-06,Mercury
49198,710094,0.139,Sakda,15-Apr-06,Mercury
49239,711044,0.025,Sakda,15-Apr-06,Mercury
49276,712037,0.027000000000000003,Sakda,15-Apr-06,Mercury
49317,697067,0.07,Chai,23-Apr-06,Mercury
49359,698462,0.047,Chai,23-Apr-06,Mercury
49397,699939,0.09300000000000001,Chai,23-Apr-06,Mercury
49434,683527,0.033,Boonsri,27-Apr-06,Mercury
49478,685143,0.025,Boonsri,27-Apr-06,Mercury
49523,686809,0.025,Boonsri,27-Apr-06,Mercury
49555,701203,0.07400000000000001,Somchair,27-Apr-06,Mercury
49598,702168,0.033,Busarakhan,27-Apr-06,Mercury
49778,683576,0.040999999999999995,Boonsri,3-May-06,Mercury
49828,685202,0.032,Boonsri,3-May-06,Mercury
49876,686848,0.027000000000000003,Boonsri,3-May-06,Mercury
49921,707206,0.025,Kannika,11-May-06,Mercury
49953,708172,0.025,Kannika,11-May-06,Mercury
49996,709184,0.025,Kannika,11-May-06,Mercury
50038,710141,0.025,Sakda,11-May-06,Mercury
50070,711096,0.035,Sakda,11-May-06,Mercury
50100,712085,0.033,Sakda,11-May-06,Mercury
50144,683631,0.037000000000000005,Boonsri,25-May-06,Mercury
50190,685264,0.028999999999999998,Boonsri,25-May-06,Mercury
50236,686900,0.03,Boonsri,25-May-06,Mercury
50428,701253,0.034,Somchair,31-May-06,Mercury
50472,702214,0.027999999999999997,Busarakhan,31-May-06,Mercury
50496,697186,0.025,Chai,1-Jun-06,Mercury
50534,698591,0.025,Chai,1-Jun-06,Mercury
50571,700056,0.025,Chai,1-Jun-06,Mercury
50615,683682,0.115,Boonsri,8-Jun-06,Mercury
50661,685324,0.105,Boonsri,8-Jun-06,Mercury
50706,686951,0.125,Boonsri,8-Jun-06,Mercury
50748,710174,0.025,Sakda,8-Jun-06,Mercury
50795,711136,0.042,Sakda,8-Jun-06,Mercury
50840,712130,0.025,Sakda,8-Jun-06,Mercury
50887,697234,0.025,Chai,18-Jun-06,Mercury
50932,698646,0.032,Chai,18-Jun-06,Mercury
50976,700103,0.025,Chai,18-Jun-06,Mercury
51023,683733,0.084,Boonsri,22-Jun-06,Mercury
51067,685383,0.107,Boonsri,22-Jun-06,Mercury
51112,687003,0.12,Boonsri,22-Jun-06,Mercury
51157,701301,0.025,Somchair,25-Jun-06,Mercury
51205,702249,0.122,Busarakhan,25-Jun-06,Mercury
51345,708228,0.096,Kannika,26-Jun-06,Mercury
51391,709231,0.128,Kannika,26-Jun-06,Mercury
51438,697284,0.08900000000000001,Chai,9-Jul-06,Mercury
51487,698704,0.132,Chai,9-Jul-06,Mercury
51534,700154,0.045,Chai,9-Jul-06,Mercury
51583,707295,0.025,Kannika,11-Jul-06,Mercury
51631,708289,0.025,Kannika,11-Jul-06,Mercury
51677,709285,0.025,Kannika,11-Jul-06,Mercury
51725,683782,0.076,Boonsri,13-Jul-06,Mercury
51778,685442,0.040999999999999995,Boonsri,13-Jul-06,Mercury
51830,687056,0.042,Boonsri,13-Jul-06,Mercury
51881,710229,0.052000000000000005,Sakda,13-Jul-06,Mercury
51930,711198,0.025,Sakda,13-Jul-06,Mercury
51977,712184,0.025,Sakda,13-Jul-06,Mercury
52020,697333,0.106,Chai,15-Jul-06,Mercury
52061,698760,0.098,Chai,15-Jul-06,Mercury
52101,700203,0.062,Chai,15-Jul-06,Mercury
52146,701356,0.031,Somchair,16-Jul-06,Mercury
52194,702304,0.053,Busarakhan,16-Jul-06,Mercury
52243,683840,0.08,Boonsri,27-Jul-06,Mercury
52296,685508,0.049,Boonsri,27-Jul-06,Mercury
52348,687114,0.105,Boonsri,27-Jul-06,Mercury
52429,683898,0.052000000000000005,Boonsri,10-Aug-06,Mercury
52476,685574,0.025,Boonsri,10-Aug-06,Mercury
52522,687172,0.066,Boonsri,10-Aug-06,Mercury
52567,707348,0.025,Kannika,10-Aug-06,Mercury
52616,708349,0.025,Kannika,10-Aug-06,Mercury
52664,709338,0.025,Kannika,10-Aug-06,Mercury
52713,710283,0.025,Sakda,10-Aug-06,Mercury
52763,711259,0.025,Sakda,10-Aug-06,Mercury
52811,712238,0.044000000000000004,Sakda,10-Aug-06,Mercury
52859,701409,0.025,Somchair,13-Aug-06,Mercury
52906,702357,0.192,Busarakhan,13-Aug-06,Mercury
52953,697382,0.025,Chai,18-Aug-06,Mercury
53001,698817,0.08199999999999999,Chai,18-Aug-06,Mercury
53048,700252,0.025,Chai,18-Aug-06,Mercury
53097,683950,0.03,Boonsri,24-Aug-06,Mercury
53151,685634,0.025,Boonsri,24-Aug-06,Mercury
53203,687224,0.07,Boonsri,24-Aug-06,Mercury
53300,697430,0.025,Chai,27-Aug-06,Mercury
53342,698873,0.025,Chai,27-Aug-06,Mercury
53382,700300,0.025,Chai,27-Aug-06,Mercury
53473,698930,0.038,Chai,2-Sep-06,Mercury
53518,700350,0.115,Chai,2-Sep-06,Mercury
53566,684009,0.025,Boonsri,7-Sep-06,Mercury
53596,685700,0.025,Boonsri,7-Sep-06,Mercury
53625,687283,0.025,Boonsri,7-Sep-06,Mercury
53652,710337,0.06,Sakda,7-Sep-06,Mercury
53699,711320,0.06,Sakda,7-Sep-06,Mercury
53744,712292,0.038,Sakda,7-Sep-06,Mercury
53790,707401,0.025,Kannika,14-Sep-06,Mercury
53837,708410,0.026000000000000002,Kannika,14-Sep-06,Mercury
53882,709392,0.025,Kannika,14-Sep-06,Mercury
53930,684044,0.025,Boonsri,21-Sep-06,Mercury
53984,685743,0.025,Boonsri,21-Sep-06,Mercury
54036,687318,0.025,Boonsri,21-Sep-06,Mercury
54087,701462,0.03,Somchair,22-Sep-06,Mercury
54133,702410,0.038,Busarakhan,22-Sep-06,Mercury
54224,697525,0.039,Chai,29-Sep-06,Mercury
54265,698983,0.037000000000000005,Chai,29-Sep-06,Mercury
54305,700396,0.03,Chai,29-Sep-06,Mercury
54349,701513,0.025,Somchair,6-Oct-06,Mercury
54396,702461,0.025,Busarakhan,6-Oct-06,Mercury
54443,697574,0.92,Chai,8-Oct-06,Mercury
54491,699040,0.138,Chai,8-Oct-06,Mercury
54537,700445,0.627,Chai,8-Oct-06,Mercury
54627,707452,0.025,Kannika,12-Oct-06,Mercury
54675,708468,0.025,Kannika,12-Oct-06,Mercury
54721,709443,0.025,Kannika,12-Oct-06,Mercury
54768,710388,0.025,Sakda,12-Oct-06,Mercury
54816,711378,0.065,Sakda,12-Oct-06,Mercury
54862,712343,0.025,Sakda,12-Oct-06,Mercury
54904,697620,0.025,Chai,15-Oct-06,Mercury
54927,699093,0.025,Chai,15-Oct-06,Mercury
54949,700491,0.025,Chai,15-Oct-06,Mercury
54978,684152,0.054000000000000006,Boonsri,26-Oct-06,Mercury
55032,685809,0.025,Boonsri,26-Oct-06,Mercury
55084,687377,0.025,Boonsri,26-Oct-06,Mercury
55136,696310,1.035,Kohsoom,28-Oct-06,Mercury
55185,684211,0.052000000000000005,Boonsri,9-Nov-06,Mercury
55235,685875,0.025,Boonsri,9-Nov-06,Mercury
55284,687435,0.025,Boonsri,9-Nov-06,Mercury
55839,684266,0.048,Boonsri,23-Nov-06,Mercury
55889,685938,0.025,Boonsri,23-Nov-06,Mercury
55938,687490,0.025,Boonsri,23-Nov-06,Mercury
56152,684321,0.042,Boonsri,7-Dec-06,Mercury
56182,686001,0.098,Boonsri,7-Dec-06,Mercury
56211,687545,0.025,Boonsri,7-Dec-06,Mercury
56239,707557,0.06,Kannika,7-Dec-06,Mercury
56287,708585,0.025,Kannika,7-Dec-06,Mercury
56334,709547,0.025,Kannika,7-Dec-06,Mercury
56381,710492,0.025,Sakda,7-Dec-06,Mercury
56429,711496,0.025,Sakda,7-Dec-06,Mercury
56476,712447,0.025,Sakda,7-Dec-06,Mercury
56523,697746,0.102,Chai,10-Dec-06,Mercury
56571,699242,0.027000000000000003,Chai,10-Dec-06,Mercury
56618,700617,0.025,Chai,10-Dec-06,Mercury
56665,701617,0.05,Somchair,13-Dec-06,Mercury
56712,702565,0.077,Busarakhan,13-Dec-06,Mercury
56753,697791,0.049,Chai,20-Dec-06,Mercury
56792,699296,0.025,Chai,20-Dec-06,Mercury
56830,700663,0.025,Chai,20-Dec-06,Mercury
56875,684356,0.05,Boonsri,21-Dec-06,Mercury
56929,686044,0.035,Boonsri,21-Dec-06,Mercury
56981,687580,0.033,Boonsri,21-Dec-06,Mercury
57083,787641,0.043,Boonsri,11-Jan-07,Mercury
57136,789264,0.048,Boonsri,11-Jan-07,Mercury
57188,790715,0.03,Boonsri,11-Jan-07,Mercury
57239,812951,0.025,Kannika,11-Jan-07,Mercury
57292,814022,0.025,Kannika,11-Jan-07,Mercury
57343,815173,0.025,Kannika,11-Jan-07,Mercury
57395,816238,0.035,Sakda,11-Jan-07,Mercury
57447,817311,0.025,Sakda,11-Jan-07,Mercury
57496,818465,0.025,Sakda,11-Jan-07,Mercury
57548,801316,0.025,Chai,18-Jan-07,Mercury
57599,802813,0.025,Chai,18-Jan-07,Mercury
57650,804508,0.025,Chai,18-Jan-07,Mercury
57701,805989,0.036000000000000004,Somchair,24-Jan-07,Mercury
57753,807144,0.039,Busarakhan,24-Jan-07,Mercury
57806,787699,0.037000000000000005,Boonsri,25-Jan-07,Mercury
57860,789331,0.04,Boonsri,25-Jan-07,Mercury
57912,790773,0.027000000000000003,Boonsri,25-Jan-07,Mercury
58008,801365,0.025,Chai,27-Jan-07,Mercury
58049,802872,0.025,Chai,27-Jan-07,Mercury
58087,804558,0.025,Chai,27-Jan-07,Mercury
58134,787766,0.46299999999999997,Boonsri,8-Feb-07,Mercury
58183,813010,0.083,Kannika,8-Feb-07,Mercury
58238,814089,0.025,Kannika,8-Feb-07,Mercury
58291,815232,0.025,Kannika,8-Feb-07,Mercury
58344,816296,0.025,Sakda,15-Feb-07,Mercury
58398,817376,0.055999999999999994,Sakda,15-Feb-07,Mercury
58450,818524,0.025,Sakda,15-Feb-07,Mercury
58504,801418,0.077,Chai,16-Feb-07,Mercury
58559,802931,0.046,Chai,16-Feb-07,Mercury
58612,804610,0.046,Chai,16-Feb-07,Mercury
58666,787828,0.151,Boonsri,22-Feb-07,Mercury
58719,789398,0.054000000000000006,Boonsri,22-Feb-07,Mercury
58771,790839,0.025,Boonsri,22-Feb-07,Mercury
58826,806057,0.032,Somchair,22-Feb-07,Mercury
58882,807213,0.025,Busarakhan,22-Feb-07,Mercury
58973,801468,0.057,Chai,28-Feb-07,Mercury
58995,802989,0.025,Chai,28-Feb-07,Mercury
59016,804660,0.032,Chai,28-Feb-07,Mercury
59046,787895,0.025,Boonsri,9-Mar-07,Mercury
59099,789465,0.053,Boonsri,9-Mar-07,Mercury
59152,790906,0.025,Boonsri,9-Mar-07,Mercury
59205,813071,0.078,Kannika,15-Mar-07,Mercury
59259,814158,0.06,Kannika,15-Mar-07,Mercury
59311,815293,0.065,Kannika,15-Mar-07,Mercury
59364,816357,0.027000000000000003,Sakda,15-Mar-07,Mercury
59418,817445,0.032,Sakda,15-Mar-07,Mercury
59470,818585,0.026000000000000002,Sakda,15-Mar-07,Mercury
59523,787961,0.025,Boonsri,22-Mar-07,Mercury
59577,789532,0.025,Boonsri,22-Mar-07,Mercury
59630,790971,0.025,Boonsri,22-Mar-07,Mercury
59681,801501,0.065,Chai,23-Mar-07,Mercury
59734,803031,0.055999999999999994,Chai,23-Mar-07,Mercury
59785,804693,0.063,Chai,23-Mar-07,Mercury
59885,806127,0.03,Somchair,28-Mar-07,Mercury
59940,807282,0.025,Busarakhan,28-Mar-07,Mercury
59988,801555,0.055999999999999994,Chai,31-Mar-07,Mercury
60031,803093,0.052000000000000005,Chai,31-Mar-07,Mercury
60061,804728,0.05,Chai,31-Mar-07,Mercury
60106,788029,0.026000000000000002,Boonsri,6-Apr-07,Mercury
60159,789600,0.047,Boonsri,6-Apr-07,Mercury
60212,791038,0.055,Boonsri,6-Apr-07,Mercury
60265,801608,0.025,Chai,12-Apr-07,Mercury
60320,803155,0.025,Chai,12-Apr-07,Mercury
60373,804778,0.025,Chai,12-Apr-07,Mercury
60427,813130,0.025,Kannika,12-Apr-07,Mercury
60482,814225,0.025,Kannika,12-Apr-07,Mercury
60533,815352,0.025,Kannika,12-Apr-07,Mercury
60587,816416,0.027000000000000003,Sakda,12-Apr-07,Mercury
60642,817512,0.03,Sakda,12-Apr-07,Mercury
60695,818644,0.025,Sakda,12-Apr-07,Mercury
60749,788095,0.091,Boonsri,19-Apr-07,Mercury
60821,806197,0.027999999999999997,Somchair,20-Apr-07,Mercury
60876,807352,0.025,Busarakhan,20-Apr-07,Mercury
60957,801664,0.025,Chai,25-Apr-07,Mercury
61001,803219,0.025,Chai,25-Apr-07,Mercury
61044,804834,0.025,Chai,25-Apr-07,Mercury
61091,788162,0.025,Boonsri,10-May-07,Mercury
61144,789666,0.048,Boonsri,10-May-07,Mercury
61197,791103,0.06,Boonsri,10-May-07,Mercury
61250,813191,0.03,Kannika,10-May-07,Mercury
61305,814291,0.092,Kannika,10-May-07,Mercury
61359,815414,0.025,Kannika,10-May-07,Mercury
61413,816477,0.025,Sakda,10-May-07,Mercury
61468,817581,0.025,Sakda,10-May-07,Mercury
61522,818705,0.025,Sakda,10-May-07,Mercury
61576,801716,0.025,Chai,18-May-07,Mercury
61610,803280,0.025,Chai,18-May-07,Mercury
61636,804879,0.025,Chai,18-May-07,Mercury
61668,788228,0.025,Boonsri,24-May-07,Mercury
61721,789733,0.025,Boonsri,24-May-07,Mercury
61774,791169,0.025,Boonsri,24-May-07,Mercury
61874,806265,0.038,Somchair,26-May-07,Mercury
61924,807420,0.025,Busarakhan,26-May-07,Mercury
61967,801746,0.025,Chai,31-May-07,Mercury
61992,803319,0.027000000000000003,Chai,31-May-07,Mercury
62029,804908,0.025,Chai,31-May-07,Mercury
62074,788295,0.025,Boonsri,7-Jun-07,Mercury
62127,789801,0.025,Boonsri,7-Jun-07,Mercury
62180,791236,0.025,Boonsri,7-Jun-07,Mercury
62386,813251,0.026000000000000002,Kannika,9-Jun-07,Mercury
62439,814359,0.05,Kannika,9-Jun-07,Mercury
62543,788361,0.025,Boonsri,21-Jun-07,Mercury
62596,789868,0.025,Boonsri,21-Jun-07,Mercury
62649,791302,0.027000000000000003,Boonsri,21-Jun-07,Mercury
62701,801782,0.031,Chai,21-Jun-07,Mercury
62805,804957,0.025,Chai,21-Jun-07,Mercury
62905,806329,0.028999999999999998,Somchair,23-Jun-07,Mercury
62957,807485,0.025,Busarakhan,23-Jun-07,Mercury
63000,801831,0.028999999999999998,Chai,28-Jun-07,Mercury
63021,803434,0.025,Chai,28-Jun-07,Mercury
63069,788428,0.025,Boonsri,5-Jul-07,Mercury
63122,789936,0.025,Boonsri,5-Jul-07,Mercury
63175,791369,0.025,Boonsri,5-Jul-07,Mercury
63226,801863,0.065,Chai,7-Jul-07,Mercury
63276,803475,0.025,Chai,7-Jul-07,Mercury
63325,805037,0.025,Chai,7-Jul-07,Mercury
63374,813308,0.025,Kannika,7-Jul-07,Mercury
63426,814425,0.025,Kannika,7-Jul-07,Mercury
63477,815531,0.025,Kannika,7-Jul-07,Mercury
63528,816594,0.025,Sakda,7-Jul-07,Mercury
63580,817714,0.025,Sakda,7-Jul-07,Mercury
63631,818821,0.025,Sakda,7-Jul-07,Mercury
63684,788495,0.025,Boonsri,19-Jul-07,Mercury
63732,790004,0.025,Boonsri,19-Jul-07,Mercury
63780,791436,0.025,Boonsri,19-Jul-07,Mercury
63821,801911,0.063,Chai,19-Jul-07,Mercury
63860,803532,0.025,Chai,19-Jul-07,Mercury
63898,805085,0.025,Chai,19-Jul-07,Mercury
63992,806393,0.025,Somchair,22-Jul-07,Mercury
64023,807549,0.025,Busarakhan,22-Jul-07,Mercury
64095,801961,0.025,Chai,4-Aug-07,Mercury
64145,803591,0.025,Chai,4-Aug-07,Mercury
64194,805135,0.025,Chai,4-Aug-07,Mercury
64243,813366,0.025,Kannika,11-Aug-07,Mercury
64293,814492,0.025,Kannika,11-Aug-07,Mercury
64342,815589,0.025,Kannika,11-Aug-07,Mercury
64391,816652,0.025,Sakda,11-Aug-07,Mercury
64442,817781,0.025,Sakda,11-Aug-07,Mercury
64492,818879,0.025,Sakda,11-Aug-07,Mercury
64542,788557,0.025,Boonsri,23-Aug-07,Mercury
64596,790067,0.094,Boonsri,23-Aug-07,Mercury
64650,791498,0.025,Boonsri,23-Aug-07,Mercury
64753,806460,0.053,Somchair,25-Aug-07,Mercury
64803,807616,0.025,Busarakhan,25-Aug-07,Mercury
64832,801992,0.025,Chai,29-Aug-07,Mercury
64860,803631,0.025,Chai,29-Aug-07,Mercury
64887,805166,0.025,Chai,29-Aug-07,Mercury
64932,816707,0.025,Sakda,6-Sep-07,Mercury
64986,817845,0.028999999999999998,Sakda,6-Sep-07,Mercury
65038,818934,0.042,Sakda,6-Sep-07,Mercury
65092,802043,0.043,Chai,12-Sep-07,Mercury
65147,803691,0.028999999999999998,Chai,12-Sep-07,Mercury
65200,805217,0.028999999999999998,Chai,12-Sep-07,Mercury
65253,788625,0.025,Boonsri,20-Sep-07,Mercury
65306,790135,0.025,Boonsri,20-Sep-07,Mercury
65359,791565,0.106,Boonsri,20-Sep-07,Mercury
65405,802093,0.04,Chai,21-Sep-07,Mercury
65445,803749,0.039,Chai,21-Sep-07,Mercury
65484,805267,0.048,Chai,21-Sep-07,Mercury
65580,806523,0.025,Somchair,29-Sep-07,Mercury
65634,807677,0.079,Busarakhan,29-Sep-07,Mercury
65687,813420,0.025,Kannika,30-Sep-07,Mercury
65741,814555,0.025,Kannika,30-Sep-07,Mercury
65793,815643,0.025,Kannika,30-Sep-07,Mercury
66596,816822,0.025,Sakda,10-Nov-07,Mercury
66651,817976,0.025,Sakda,10-Nov-07,Mercury
66704,819049,0.025,Sakda,10-Nov-07,Mercury
66778,813535,0.025,Kannika,21-Nov-07,Mercury
66831,814686,0.031,Kannika,21-Nov-07,Mercury
66882,815759,0.043,Kannika,21-Nov-07,Mercury
66934,788763,0.025,Boonsri,22-Nov-07,Mercury
66988,790222,0.025,Boonsri,22-Nov-07,Mercury
67041,791633,0.025,Boonsri,22-Nov-07,Mercury
67094,802239,0.138,Chai,23-Nov-07,Mercury
67147,803915,0.025,Chai,23-Nov-07,Mercury
67200,805420,0.025,Chai,23-Nov-07,Mercury
67289,806653,0.025,Somchair,28-Nov-07,Mercury
67340,807807,0.025,Busarakhan,28-Nov-07,Mercury
67385,802290,0.098,Chai,30-Nov-07,Mercury
67426,803973,0.025,Chai,30-Nov-07,Mercury
67466,805471,0.025,Chai,30-Nov-07,Mercury
67513,816881,0.055,Sakda,8-Dec-07,Mercury
67567,818043,0.028999999999999998,Sakda,8-Dec-07,Mercury
67619,819108,0.025,Sakda,8-Dec-07,Mercury
67672,813592,0.025,Kannika,13-Dec-07,Mercury
67726,814751,0.025,Kannika,13-Dec-07,Mercury
67778,815816,0.025,Kannika,13-Dec-07,Mercury
67831,788831,0.19399999999999998,Boonsri,20-Dec-07,Mercury
67884,790290,0.073,Boonsri,20-Dec-07,Mercury
67937,791700,0.113,Boonsri,20-Dec-07,Mercury
67989,802341,0.025,Chai,20-Dec-07,Mercury
68042,804034,0.025,Chai,20-Dec-07,Mercury
68094,805523,0.025,Chai,20-Dec-07,Mercury
68147,800897,0.025,Kohsoom,22-Dec-07,Mercury
68198,806721,0.059000000000000004,Somchair,22-Dec-07,Mercury
68252,807875,0.055999999999999994,Busarakhan,22-Dec-07,Mercury
68296,802390,0.025,Chai,28-Dec-07,Mercury
68336,804092,0.025,Chai,28-Dec-07,Mercury
68375,805573,0.025,Chai,28-Dec-07,Mercury
68508,910495,0.09699999999999999,Kannika,10-Jan-08,Mercury
68551,911398,0.083,Kannika,10-Jan-08,Mercury
68594,912315,0.105,Kannika,10-Jan-08,Mercury
68635,913219,0.053,Sakda,12-Jan-08,Mercury
68676,914174,0.048,Sakda,12-Jan-08,Mercury
68717,915139,0.042,Sakda,12-Jan-08,Mercury
68760,902207,0.025,Chai,18-Jan-08,Mercury
68800,903332,0.025,Chai,18-Jan-08,Mercury
68839,904466,0.025,Chai,18-Jan-08,Mercury
68957,905580,0.025,Somchair,3-Feb-08,Mercury
68995,906169,0.025,Busarakhan,3-Feb-08,Mercury
69058,902255,0.027999999999999997,Chai,15-Feb-08,Mercury
69100,903380,0.035,Chai,15-Feb-08,Mercury
69142,904514,0.032,Chai,15-Feb-08,Mercury
69406,913272,0.028999999999999998,Sakda,23-Feb-08,Mercury
69450,914227,0.03,Sakda,23-Feb-08,Mercury
69494,915192,0.034,Sakda,23-Feb-08,Mercury
70165,913360,0.035,Sakda,11-Apr-08,Mercury
70209,914315,0.031,Sakda,11-Apr-08,Mercury
70253,915280,0.028999999999999998,Sakda,11-Apr-08,Mercury
70297,910588,0.026000000000000002,Kannika,14-Apr-08,Mercury
70341,911491,0.027999999999999997,Kannika,14-Apr-08,Mercury
70385,912408,0.03,Kannika,14-Apr-08,Mercury
70429,902391,0.035,Chai,28-Apr-08,Mercury
70473,903516,0.039,Chai,28-Apr-08,Mercury
70517,904650,0.038,Chai,28-Apr-08,Mercury
70562,905662,0.045,Somchair,3-May-08,Mercury
70606,906252,0.04,Busarakhan,3-May-08,Mercury
71145,902465,0.028999999999999998,Chai,31-May-08,Mercury
71186,903590,0.028999999999999998,Chai,31-May-08,Mercury
71227,904724,0.03,Chai,31-May-08,Mercury
71345,903659,0.037000000000000005,Chai,12-Jun-08,Mercury
71459,914424,0.059000000000000004,Sakda,13-Jun-08,Mercury
71568,911598,0.04,Kannika,15-Jun-08,Mercury
71854,905772,0.2,Somchair,26-Jun-08,Mercury
71900,906362,0.096,Busarakhan,26-Jun-08,Mercury
73653,913593,0.17,Sakda,6-Sep-08,Mercury
73696,914558,0.14,Sakda,6-Sep-08,Mercury
73739,915512,0.22,Sakda,6-Sep-08,Mercury
73782,910815,0.15,Kannika,7-Sep-08,Mercury
73825,911732,0.16,Kannika,7-Sep-08,Mercury
73868,912638,0.18,Kannika,7-Sep-08,Mercury
73911,902712,0.10099999999999999,Chai,11-Sep-08,Mercury
73954,903848,0.28,Chai,11-Sep-08,Mercury
73997,904970,0.28,Chai,11-Sep-08,Mercury
74115,905907,0.057999999999999996,Somchair,21-Sep-08,Mercury
74158,906497,0.048,Busarakhan,21-Sep-08,Mercury
74498,910868,0.037000000000000005,Kannika,12-Oct-08,Mercury
74543,911785,0.025,Kannika,12-Oct-08,Mercury
74588,912691,0.027999999999999997,Kannika,12-Oct-08,Mercury
74633,913646,0.03,Sakda,12-Oct-08,Mercury
74678,914611,0.025,Sakda,12-Oct-08,Mercury
74723,915565,0.025,Sakda,12-Oct-08,Mercury
74852,902785,0.025,Chai,17-Oct-08,Mercury
74896,903921,0.033,Chai,17-Oct-08,Mercury
74940,905043,0.035,Chai,17-Oct-08,Mercury
74984,905960,0.040999999999999995,Somchair,19-Oct-08,Mercury
75029,906551,0.037000000000000005,Busarakhan,19-Oct-08,Mercury
75395,910924,0.048,Kannika,7-Nov-08,Mercury
75441,911841,0.045,Kannika,7-Nov-08,Mercury
75487,912747,0.032,Kannika,7-Nov-08,Mercury
75533,913702,0.069,Sakda,7-Nov-08,Mercury
75579,914667,0.05,Sakda,7-Nov-08,Mercury
75625,915621,0.035,Sakda,7-Nov-08,Mercury
75671,902858,0.035,Chai,15-Nov-08,Mercury
75716,903993,0.038,Chai,15-Nov-08,Mercury
75762,905116,0.040999999999999995,Chai,15-Nov-08,Mercury
75808,906016,0.10300000000000001,Somchair,17-Nov-08,Mercury
75854,906607,0.038,Busarakhan,17-Nov-08,Mercury
76158,906070,0.035,Somchair,5-Dec-08,Mercury
76199,906661,0.027000000000000003,Busarakhan,5-Dec-08,Mercury
76394,910979,0.035,Kannika,12-Dec-08,Mercury
76440,911896,0.048,Kannika,12-Dec-08,Mercury
76486,912802,0.044000000000000004,Kannika,12-Dec-08,Mercury
76532,913757,0.040999999999999995,Sakda,12-Dec-08,Mercury
76578,914722,0.044000000000000004,Sakda,12-Dec-08,Mercury
76624,915676,0.038,Sakda,12-Dec-08,Mercury
76670,906117,0.055,Somchair,15-Dec-08,Mercury
76717,906712,0.05,Busarakhan,15-Dec-08,Mercury
79047,1011340,0.5,Achara,17-Apr-09,Mercury
79083,1020450,0.04,Kannika,17-Apr-09,Mercury
79130,1021545,0.043,Kannika,17-Apr-09,Mercury
79177,1022701,0.04,Kannika,17-Apr-09,Mercury
79224,1023858,0.08199999999999999,Sakda,17-Apr-09,Mercury
79271,1024979,0.05,Sakda,17-Apr-09,Mercury
79318,1026100,0.05,Sakda,17-Apr-09,Mercury
79365,1005734,0.036000000000000004,Chai,18-Apr-09,Mercury
79412,1007122,0.035,Chai,18-Apr-09,Mercury
79459,1008484,0.036000000000000004,Chai,18-Apr-09,Mercury
79725,1009456,0.055999999999999994,Somchair,25-Apr-09,Mercury
79772,1010232,0.06,Busarakhan,25-Apr-09,Mercury
79954,1020518,0.12,Kannika,8-May-09,Mercury
80001,1021612,0.14,Kannika,8-May-09,Mercury
80048,1022769,0.14,Kannika,8-May-09,Mercury
80095,1023926,0.11,Sakda,8-May-09,Mercury
80142,1025047,0.11,Sakda,8-May-09,Mercury
80189,1026168,0.09,Sakda,8-May-09,Mercury
80453,1005822,0.13,Chai,21-May-09,Mercury
80500,1007210,0.14,Chai,21-May-09,Mercury
80547,1008572,0.15,Chai,21-May-09,Mercury
80594,1009523,0.32,Somchair,25-May-09,Mercury
80641,1010299,0.4,Busarakhan,25-May-09,Mercury
80897,1020585,0.11,Kannika,12-Jun-09,Mercury
80943,1021679,0.12,Kannika,12-Jun-09,Mercury
80989,1022836,0.13,Kannika,12-Jun-09,Mercury
81035,1023993,0.07200000000000001,Sakda,12-Jun-09,Mercury
81081,1025114,0.08,Sakda,12-Jun-09,Mercury
81127,1026235,0.07,Sakda,12-Jun-09,Mercury
81173,1005906,0.13,Chai,14-Jun-09,Mercury
81219,1007294,0.11,Chai,14-Jun-09,Mercury
81265,1008656,0.1,Chai,14-Jun-09,Mercury
81590,1009590,0.095,Somchair,28-Jun-09,Mercury
81636,1010366,0.07200000000000001,Busarakhan,28-Jun-09,Mercury
81718,1005989,0.11,Chai,9-Jul-09,Mercury
81762,1007377,0.14,Chai,9-Jul-09,Mercury
81806,1008739,0.16,Chai,9-Jul-09,Mercury
81878,1020650,0.049,Kannika,11-Jul-09,Mercury
81924,1021744,0.057,Kannika,11-Jul-09,Mercury
81970,1022901,0.06,Kannika,11-Jul-09,Mercury
82016,1024058,0.09,Sakda,11-Jul-09,Mercury
82061,1025179,0.086,Sakda,11-Jul-09,Mercury
82106,1026300,0.08,Sakda,11-Jul-09,Mercury
82456,1009653,0.155,Somchair,26-Jul-09,Mercury
82498,1010429,0.19,Busarakhan,26-Jul-09,Mercury
82610,1020715,0.07200000000000001,Kannika,8-Aug-09,Mercury
82656,1021809,0.06,Kannika,8-Aug-09,Mercury
82702,1022966,0.057999999999999996,Kannika,8-Aug-09,Mercury
82748,1024121,0.061,Sakda,8-Aug-09,Mercury
82794,1025242,0.063,Sakda,8-Aug-09,Mercury
82840,1026363,0.071,Sakda,8-Aug-09,Mercury
83147,1006070,0.055,Chai,23-Aug-09,Mercury
83192,1007458,0.06,Chai,23-Aug-09,Mercury
83237,1008820,0.063,Chai,23-Aug-09,Mercury
83282,1009713,0.095,Somchair,28-Aug-09,Mercury
83328,1010489,0.078,Busarakhan,28-Aug-09,Mercury
83440,1024186,0.09699999999999999,Sakda,7-Sep-09,Mercury
83484,1025307,0.09,Sakda,7-Sep-09,Mercury
83528,1026428,0.075,Sakda,7-Sep-09,Mercury
83738,1020781,0.079,Kannika,9-Sep-09,Mercury
83783,1021875,0.073,Kannika,9-Sep-09,Mercury
83828,1023032,0.07,Kannika,9-Sep-09,Mercury
83970,1006152,0.035,Chai,22-Sep-09,Mercury
84039,1007540,0.033,Chai,22-Sep-09,Mercury
84082,1008902,0.031,Chai,22-Sep-09,Mercury
84151,1009778,0.044000000000000004,Somchair,24-Sep-09,Mercury
84527,1024279,0.12,Sakda,8-Oct-09,Mercury
84569,1025400,0.15,Sakda,8-Oct-09,Mercury
84611,1026548,0.14,Sakda,8-Oct-09,Mercury
84659,1020846,0.053,Kannika,10-Oct-09,Mercury
84701,1021975,0.067,Kannika,10-Oct-09,Mercury
84743,1023159,0.07,Kannika,10-Oct-09,Mercury
84812,1006256,0.05,Chai,19-Oct-09,Mercury
84882,1007618,0.053,Chai,19-Oct-09,Mercury
84952,1009006,0.05,Chai,19-Oct-09,Mercury
85237,1009867,0.061,Somchair,30-Oct-09,Mercury
85306,1010615,0.048,Busarakhan,30-Oct-09,Mercury
85573,1020904,0.075,Kannika,13-Nov-09,Mercury
85614,1022033,0.07,Kannika,13-Nov-09,Mercury
85682,1023217,0.08,Kannika,13-Nov-09,Mercury
85723,1024337,0.063,Sakda,13-Nov-09,Mercury
85764,1025458,0.07,Sakda,13-Nov-09,Mercury
85805,1026606,0.07,Sakda,13-Nov-09,Mercury
85845,1009955,0.1,Somchair,14-Nov-09,Mercury
85884,1010703,0.073,Busarakhan,14-Nov-09,Mercury
85924,1006362,0.05,Chai,16-Nov-09,Mercury
85965,1007724,0.06,Chai,16-Nov-09,Mercury
86006,1009112,0.065,Chai,16-Nov-09,Mercury
86253,1006456,0.045,Chai,5-Dec-09,Mercury
86294,1007818,0.05,Chai,5-Dec-09,Mercury
86335,1009206,0.05,Chai,5-Dec-09,Mercury
86376,1020962,0.055999999999999994,Kannika,5-Dec-09,Mercury
86417,1022118,0.06,Kannika,5-Dec-09,Mercury
86458,1023275,0.06,Kannika,5-Dec-09,Mercury
86499,1024395,0.07200000000000001,Sakda,5-Dec-09,Mercury
86540,1025516,0.07,Sakda,5-Dec-09,Mercury
86581,1026664,0.09,Sakda,5-Dec-09,Mercury
86901,1010012,0.085,Somchair,19-Dec-09,Mercury
86942,1010760,0.067,Busarakhan,19-Dec-09,Mercury
87015,1349122,0.031,Kannika,10-Jan-10,Mercury
87054,1349731,0.034,Kannika,10-Jan-10,Mercury
87093,1350340,0.04,Kannika,10-Jan-10,Mercury
87132,1350949,0.05,Sakda,10-Jan-10,Mercury
87171,1351558,0.047,Sakda,10-Jan-10,Mercury
87210,1352167,0.04,Sakda,10-Jan-10,Mercury
87249,1328306,1.0,Achara,16-Jan-10,Mercury
87309,1341153,0.055,Chai,17-Jan-10,Mercury
87346,1342357,0.06,Chai,17-Jan-10,Mercury
87383,1343561,0.07,Chai,17-Jan-10,Mercury
87442,1326717,0.07,Somchair,24-Jan-10,Mercury
87481,1327313,0.052000000000000005,Busarakhan,24-Jan-10,Mercury
87551,1354598,0.225,Kohsoom,28-Jan-10,Mercury
87650,1349176,0.06,Kannika,7-Feb-10,Mercury
87686,1349785,0.057999999999999996,Kannika,7-Feb-10,Mercury
87722,1350394,0.06,Kannika,7-Feb-10,Mercury
87758,1351003,0.08,Sakda,7-Feb-10,Mercury
87794,1351612,0.091,Sakda,7-Feb-10,Mercury
87830,1352221,0.085,Sakda,7-Feb-10,Mercury
87872,1326769,0.075,Somchair,14-Feb-10,Mercury
87903,1327365,0.044000000000000004,Busarakhan,14-Feb-10,Mercury
88030,1354655,0.32799999999999996,Kohsoom,18-Feb-10,Mercury
88090,1328352,1.0,Achara,20-Feb-10,Mercury
88117,1341254,0.040999999999999995,Chai,20-Feb-10,Mercury
88148,1342458,0.04,Chai,20-Feb-10,Mercury
88179,1343662,0.042,Chai,20-Feb-10,Mercury
88295,1349227,0.06,Kannika,12-Mar-10,Mercury
88326,1349836,0.052000000000000005,Kannika,12-Mar-10,Mercury
88357,1350445,0.05,Kannika,12-Mar-10,Mercury
88388,1351054,0.05,Sakda,12-Mar-10,Mercury
88419,1351663,0.053,Sakda,12-Mar-10,Mercury
88450,1352272,0.05,Sakda,12-Mar-10,Mercury
88515,1341347,0.07200000000000001,Chai,18-Mar-10,Mercury
88546,1342551,0.07,Chai,18-Mar-10,Mercury
88577,1343755,0.059000000000000004,Chai,18-Mar-10,Mercury
88606,1328409,1.0,Achara,19-Mar-10,Mercury
88633,1326817,0.062,Somchair,20-Mar-10,Mercury
88664,1327413,0.06,Busarakhan,20-Mar-10,Mercury
88698,1354712,0.46,Kohsoom,24-Mar-10,Mercury
88887,1349273,0.055999999999999994,Kannika,8-Apr-10,Mercury
88918,1349882,0.061,Kannika,8-Apr-10,Mercury
88949,1350491,0.059000000000000004,Kannika,8-Apr-10,Mercury
88980,1351100,0.044000000000000004,Sakda,8-Apr-10,Mercury
89011,1351709,0.05,Sakda,8-Apr-10,Mercury
89042,1352318,0.052000000000000005,Sakda,8-Apr-10,Mercury
89104,1328478,1.0,Achara,16-Apr-10,Mercury
89131,1341441,0.036000000000000004,Chai,16-Apr-10,Mercury
89163,1342645,0.04,Chai,16-Apr-10,Mercury
89195,1343849,0.045,Chai,16-Apr-10,Mercury
89251,1326863,0.078,Somchair,18-Apr-10,Mercury
89281,1327459,0.06,Busarakhan,18-Apr-10,Mercury
89315,1354769,0.175,Kohsoom,21-Apr-10,Mercury
89354,1324739,0.58,Boonsri,22-Apr-10,Mercury
89394,1325473,0.3,Boonsri,22-Apr-10,Mercury
89434,1326143,0.5,Boonsri,22-Apr-10,Mercury
89514,1341529,0.06,Chai,9-May-10,Mercury
89545,1342733,0.063,Chai,9-May-10,Mercury
89576,1343937,0.06,Chai,9-May-10,Mercury
89606,1349321,0.055,Kannika,14-May-10,Mercury
89636,1349930,0.054000000000000006,Kannika,14-May-10,Mercury
89666,1350539,0.055,Kannika,14-May-10,Mercury
89696,1351148,0.055999999999999994,Sakda,14-May-10,Mercury
89726,1351757,0.05,Sakda,14-May-10,Mercury
89756,1352366,0.047,Sakda,14-May-10,Mercury
89816,1324798,0.34,Boonsri,19-May-10,Mercury
89854,1325532,0.4,Boonsri,19-May-10,Mercury
89892,1326202,0.32,Boonsri,19-May-10,Mercury
89949,1328525,1.0,Achara,20-May-10,Mercury
89975,1326909,0.071,Somchair,22-May-10,Mercury
90004,1327505,0.073,Busarakhan,22-May-10,Mercury
90037,1354827,0.395,Kohsoom,26-May-10,Mercury
90136,1326961,0.075,Somchair,13-Jun-10,Mercury
90171,1327557,0.062,Busarakhan,13-Jun-10,Mercury
90225,1328562,1.0,Achara,17-Jun-10,Mercury
90257,1341639,0.07,Chai,17-Jun-10,Mercury
90294,1342843,0.06,Chai,17-Jun-10,Mercury
90331,1344047,0.05,Chai,17-Jun-10,Mercury
90367,1349373,0.055,Kannika,19-Jun-10,Mercury
90403,1349982,0.03,Kannika,19-Jun-10,Mercury
90439,1350591,0.03,Kannika,19-Jun-10,Mercury
90475,1351200,0.03,Sakda,19-Jun-10,Mercury
90511,1351809,0.031,Sakda,19-Jun-10,Mercury
90547,1352418,0.04,Sakda,19-Jun-10,Mercury
90582,1324852,0.43,Boonsri,23-Jun-10,Mercury
90621,1325586,0.43,Boonsri,23-Jun-10,Mercury
90660,1326256,0.306,Boonsri,23-Jun-10,Mercury
90699,1354881,0.42,Kohsoom,23-Jun-10,Mercury
90813,1341737,0.047,Chai,15-Jul-10,Mercury
90848,1342941,0.049,Chai,15-Jul-10,Mercury
90883,1344145,0.057,Chai,15-Jul-10,Mercury
90933,1328616,1.0,Achara,16-Jul-10,Mercury
90972,1349425,0.07,Kannika,18-Jul-10,Mercury
91007,1350034,0.063,Kannika,18-Jul-10,Mercury
91042,1350643,0.068,Kannika,18-Jul-10,Mercury
91077,1351252,0.08,Sakda,18-Jul-10,Mercury
91112,1351861,0.08,Sakda,18-Jul-10,Mercury
91147,1352470,0.081,Sakda,18-Jul-10,Mercury
91181,1327011,0.068,Somchair,22-Jul-10,Mercury
91214,1327607,0.08,Busarakhan,22-Jul-10,Mercury
91419,1354939,0.431,Kohsoom,28-Jul-10,Mercury
91469,1341831,0.063,Chai,11-Aug-10,Mercury
91504,1343035,0.07,Chai,11-Aug-10,Mercury
91539,1344239,0.067,Chai,11-Aug-10,Mercury
91568,1328655,1.0,Achara,12-Aug-10,Mercury
91619,1349479,0.062,Kannika,14-Aug-10,Mercury
91653,1350088,0.07,Kannika,14-Aug-10,Mercury
91687,1350697,0.057,Kannika,14-Aug-10,Mercury
91721,1351306,0.048,Sakda,14-Aug-10,Mercury
91755,1351915,0.045,Sakda,14-Aug-10,Mercury
91789,1352524,0.05,Sakda,14-Aug-10,Mercury
92012,1354998,0.287,Kohsoom,26-Aug-10,Mercury
92050,1327061,0.07200000000000001,Somchair,28-Aug-10,Mercury
92082,1327657,0.069,Busarakhan,28-Aug-10,Mercury
92115,1349531,0.081,Kannika,2-Sep-10,Mercury
92150,1350140,0.08199999999999999,Kannika,2-Sep-10,Mercury
92185,1350749,0.08,Kannika,2-Sep-10,Mercury
92220,1351358,0.048,Sakda,2-Sep-10,Mercury
92255,1351967,0.05,Sakda,2-Sep-10,Mercury
92290,1352576,0.051,Sakda,2-Sep-10,Mercury
92343,1341926,0.059000000000000004,Chai,4-Sep-10,Mercury
92377,1343130,0.062,Chai,4-Sep-10,Mercury
92411,1344330,0.06,Chai,4-Sep-10,Mercury
92542,1328711,1.0,Achara,17-Sep-10,Mercury
92743,1355056,0.387,Kohsoom,29-Sep-10,Mercury
92782,1327110,0.052000000000000005,Somchair,30-Sep-10,Mercury
92815,1327706,0.055999999999999994,Busarakhan,30-Sep-10,Mercury
92858,1342029,0.06,Chai,13-Oct-10,Mercury
92891,1343233,0.067,Chai,13-Oct-10,Mercury
92924,1344433,0.055,Chai,13-Oct-10,Mercury
93028,1349583,0.063,Kannika,15-Oct-10,Mercury
93061,1350192,0.078,Kannika,15-Oct-10,Mercury
93094,1350801,0.07,Kannika,15-Oct-10,Mercury
93127,1351410,0.046,Sakda,15-Oct-10,Mercury
93160,1352019,0.043,Sakda,15-Oct-10,Mercury
93193,1352628,0.053,Sakda,15-Oct-10,Mercury
93255,1355115,0.28300000000000003,Kohsoom,20-Oct-10,Mercury
93403,1328772,1.0,Achara,22-Oct-10,Mercury
93452,1327160,0.062,Somchair,29-Oct-10,Mercury
93485,1327756,0.059000000000000004,Busarakhan,29-Oct-10,Mercury
93578,1349633,0.051,Kannika,9-Nov-10,Mercury
93611,1350242,0.055,Kannika,9-Nov-10,Mercury
93644,1350851,0.05,Kannika,9-Nov-10,Mercury
93677,1351460,0.044000000000000004,Sakda,10-Nov-10,Mercury
93710,1352069,0.047,Sakda,10-Nov-10,Mercury
93743,1352678,0.053,Sakda,10-Nov-10,Mercury
93797,1342128,0.048,Chai,13-Nov-10,Mercury
93830,1343332,0.052000000000000005,Chai,13-Nov-10,Mercury
93863,1344532,0.055,Chai,13-Nov-10,Mercury
94061,1355172,0.32,Kohsoom,24-Nov-10,Mercury
94130,1327211,0.052000000000000005,Somchair,27-Nov-10,Mercury
94163,1327807,0.06,Busarakhan,27-Nov-10,Mercury
94301,1327261,0.057,Somchair,9-Dec-10,Mercury
94333,1327857,0.06,Busarakhan,9-Dec-10,Mercury
94366,1328856,1.0,Achara,11-Dec-10,Mercury
94394,1342238,0.07,Chai,11-Dec-10,Mercury
94425,1343442,0.07400000000000001,Chai,11-Dec-10,Mercury
94456,1344642,0.073,Chai,11-Dec-10,Mercury
94487,1349683,0.07,Kannika,11-Dec-10,Mercury
94518,1350292,0.062,Kannika,11-Dec-10,Mercury
94549,1350901,0.064,Kannika,11-Dec-10,Mercury
94580,1351510,0.055999999999999994,Sakda,11-Dec-10,Mercury
94611,1352119,0.06,Sakda,11-Dec-10,Mercury
94642,1352728,0.071,Sakda,11-Dec-10,Mercury
94713,1355224,0.41,Kohsoom,15-Dec-10,Mercury
94857,1638175,0.08,Sakda,13-Jan-11,Mercury
94890,1639037,0.083,Sakda,13-Jan-11,Mercury
94923,1639899,0.08,Sakda,13-Jan-11,Mercury
94954,1628303,0.07,Chai,14-Jan-11,Mercury
94985,1629362,0.057999999999999996,Chai,14-Jan-11,Mercury
95016,1630421,0.07200000000000001,Chai,14-Jan-11,Mercury
95049,1635519,0.075,Kannika,15-Jan-11,Mercury
95081,1636405,0.08,Kannika,15-Jan-11,Mercury
95113,1637291,0.075,Kannika,15-Jan-11,Mercury
95145,1613325,0.03,Boonsri,20-Jan-11,Mercury
95180,1614296,0.05,Boonsri,20-Jan-11,Mercury
95215,1615139,0.045,Boonsri,20-Jan-11,Mercury
95267,1617268,1.0,Achara,21-Jan-11,Mercury
95338,1643344,0.22,Kohsoom,26-Jan-11,Mercury
95385,1615951,0.12,Somchair,30-Jan-11,Mercury
95417,1616430,0.11,Busarakhan,30-Jan-11,Mercury
95461,1635582,0.062,Kannika,10-Feb-11,Mercury
95486,1636468,0.07,Kannika,10-Feb-11,Mercury
95511,1637354,0.057,Kannika,10-Feb-11,Mercury
95541,1638247,0.07,Sakda,10-Feb-11,Mercury
95571,1639109,0.07200000000000001,Sakda,10-Feb-11,Mercury
95601,1639971,0.06,Sakda,10-Feb-11,Mercury
95646,1628384,0.061,Chai,11-Feb-11,Mercury
95669,1629443,0.06,Chai,11-Feb-11,Mercury
95692,1630502,0.06,Chai,11-Feb-11,Mercury
95716,1635625,0.07200000000000001,Kannika,12-Feb-11,Mercury
95744,1636511,0.084,Kannika,12-Feb-11,Mercury
95772,1637397,0.09,Kannika,12-Feb-11,Mercury
95895,1617348,1.0,Achara,18-Feb-11,Mercury
95996,1643392,0.359,Kohsoom,25-Feb-11,Mercury
96026,1615991,0.11,Somchair,26-Feb-11,Mercury
96054,1616471,0.057999999999999996,Busarakhan,26-Feb-11,Mercury
96083,1628456,0.09,Chai,9-Mar-11,Mercury
96106,1629515,0.08,Chai,9-Mar-11,Mercury
96129,1630574,0.09,Chai,9-Mar-11,Mercury
96182,1638314,0.081,Sakda,10-Mar-11,Mercury
96209,1639176,0.11,Sakda,10-Mar-11,Mercury
96236,1640038,0.09300000000000001,Sakda,10-Mar-11,Mercury
96273,1635689,0.08800000000000001,Kannika,11-Mar-11,Mercury
96297,1636575,0.11,Kannika,11-Mar-11,Mercury
96321,1637461,0.085,Kannika,11-Mar-11,Mercury
96366,1617383,1.0,Achara,18-Mar-11,Mercury
96522,1616029,0.09,Somchair,26-Mar-11,Mercury
96547,1616508,0.15,Busarakhan,26-Mar-11,Mercury
96577,1643440,0.2,Kohsoom,30-Mar-11,Mercury
96603,1617416,1.0,Achara,31-Mar-11,Mercury
96627,1635751,0.06,Kannika,6-Apr-11,Mercury
96652,1636637,0.067,Kannika,6-Apr-11,Mercury
96677,1637523,0.065,Kannika,6-Apr-11,Mercury
96704,1638381,0.08800000000000001,Sakda,7-Apr-11,Mercury
96731,1639243,0.08,Sakda,7-Apr-11,Mercury
96758,1640105,0.078,Sakda,7-Apr-11,Mercury
96782,1628537,0.05,Chai,8-Apr-11,Mercury
96803,1629596,0.05,Chai,8-Apr-11,Mercury
96824,1630655,0.046,Chai,8-Apr-11,Mercury
96887,1616066,0.085,Somchair,13-Apr-11,Mercury
96911,1616545,0.07200000000000001,Busarakhan,13-Apr-11,Mercury
96964,1617452,1.0,Achara,16-Apr-11,Mercury
97067,1643488,0.312,Kohsoom,27-Apr-11,Mercury
97133,1635828,0.07,Kannika,12-May-11,Mercury
97161,1636714,0.075,Kannika,12-May-11,Mercury
97189,1637600,0.075,Kannika,12-May-11,Mercury
97219,1638459,0.092,Sakda,12-May-11,Mercury
97249,1639321,0.09,Sakda,12-May-11,Mercury
97279,1640183,0.08,Sakda,12-May-11,Mercury
97303,1617508,0.0,Achara,13-May-11,Mercury
97361,1643538,0.28300000000000003,Kohsoom,18-May-11,Mercury
97475,1628631,0.05,Chai,22-May-11,Mercury
97501,1629690,0.052000000000000005,Chai,22-May-11,Mercury
97527,1630749,0.05,Chai,22-May-11,Mercury
97637,1616105,0.065,Somchair,27-May-11,Mercury
97663,1616584,0.07,Busarakhan,27-May-11,Mercury
97730,1617576,0.0,Achara,11-Jun-11,Mercury
97784,1617613,0.0,Achara,17-Jun-11,Mercury
97813,1628718,0.035,Chai,18-Jun-11,Mercury
97843,1629777,0.048,Chai,18-Jun-11,Mercury
97873,1630836,0.05,Chai,18-Jun-11,Mercury
97905,1635927,0.059000000000000004,Kannika,18-Jun-11,Mercury
97937,1636813,0.052000000000000005,Kannika,18-Jun-11,Mercury
97969,1637699,0.055,Kannika,18-Jun-11,Mercury
98001,1638558,0.05,Sakda,18-Jun-11,Mercury
98033,1639420,0.06,Sakda,18-Jun-11,Mercury
98065,1640282,0.06,Sakda,18-Jun-11,Mercury
98097,1613737,0.098,Boonsri,23-Jun-11,Mercury
98132,1614626,1.031,Boonsri,23-Jun-11,Mercury
98167,1615469,0.08199999999999999,Boonsri,23-Jun-11,Mercury
98287,1616147,0.057,Somchair,29-Jun-11,Mercury
98316,1616626,0.047,Busarakhan,29-Jun-11,Mercury
98347,1643589,0.266,Kohsoom,30-Jun-11,Mercury
98380,1638622,0.055999999999999994,Sakda,8-Jul-11,Mercury
98402,1639484,0.06,Sakda,8-Jul-11,Mercury
98424,1640346,0.06,Sakda,8-Jul-11,Mercury
98469,1643640,0.35,Kohsoom,13-Jul-11,Mercury
98498,1617669,0.0,Achara,14-Jul-11,Mercury
98523,1635999,0.048,Kannika,14-Jul-11,Mercury
98548,1636885,0.05,Kannika,14-Jul-11,Mercury
98573,1637771,0.04,Kannika,14-Jul-11,Mercury
98597,1628802,0.05,Chai,17-Jul-11,Mercury
98621,1629861,0.047,Chai,17-Jul-11,Mercury
98645,1630920,0.05,Chai,17-Jul-11,Mercury
98676,1613813,1.0659999999999998,Boonsri,20-Jul-11,Mercury
98712,1614702,1.018,Boonsri,20-Jul-11,Mercury
98748,1615545,1.048,Boonsri,20-Jul-11,Mercury
98897,1616189,0.06,Somchair,3-Aug-11,Mercury
98927,1616668,0.055,Busarakhan,3-Aug-11,Mercury
98955,1628876,0.044000000000000004,Chai,3-Aug-11,Mercury
98984,1629935,0.045,Chai,3-Aug-11,Mercury
99013,1630994,0.045,Chai,3-Aug-11,Mercury
99062,1636071,0.052000000000000005,Kannika,6-Aug-11,Mercury
99090,1636957,0.06,Kannika,6-Aug-11,Mercury
99118,1637843,0.06,Kannika,6-Aug-11,Mercury
99147,1638701,0.063,Sakda,6-Aug-11,Mercury
99176,1639563,0.064,Sakda,6-Aug-11,Mercury
99205,1640425,0.071,Sakda,6-Aug-11,Mercury
99229,1617725,0.0,Achara,11-Aug-11,Mercury
99365,1613892,0.16,Boonsri,18-Aug-11,Mercury
99400,1614781,0.59,Boonsri,18-Aug-11,Mercury
99435,1615624,0.06,Boonsri,18-Aug-11,Mercury
99515,1616230,0.06,Somchair,28-Aug-11,Mercury
99543,1616708,0.07,Busarakhan,28-Aug-11,Mercury
99574,1643691,0.556,Kohsoom,31-Aug-11,Mercury
99613,1636154,0.044000000000000004,Kannika,9-Sep-11,Mercury
99640,1637040,0.039,Kannika,9-Sep-11,Mercury
99667,1637926,0.043,Kannika,9-Sep-11,Mercury
99694,1638782,0.045,Sakda,9-Sep-11,Mercury
99721,1639644,0.052000000000000005,Sakda,9-Sep-11,Mercury
99748,1640506,0.05,Sakda,9-Sep-11,Mercury
99789,1617761,0.0,Achara,14-Sep-11,Mercury
99838,1616270,0.07,Somchair,23-Sep-11,Mercury
99865,1616747,0.083,Busarakhan,23-Sep-11,Mercury
99896,1613982,0.059000000000000004,Boonsri,28-Sep-11,Mercury
99931,1614871,0.059000000000000004,Boonsri,28-Sep-11,Mercury
99966,1615714,0.059000000000000004,Boonsri,28-Sep-11,Mercury
100016,1629003,0.035,Chai,28-Sep-11,Mercury
100042,1630062,0.04,Chai,28-Sep-11,Mercury
100068,1631121,0.045,Chai,28-Sep-11,Mercury
100099,1643743,0.23399999999999999,Kohsoom,28-Sep-11,Mercury
100214,1617862,0.0,Achara,13-Oct-11,Mercury
100241,1636228,0.05,Kannika,14-Oct-11,Mercury
100267,1637114,0.05,Kannika,14-Oct-11,Mercury
100293,1638000,0.057999999999999996,Kannika,14-Oct-11,Mercury
100319,1638857,0.06,Sakda,15-Oct-11,Mercury
100345,1639719,0.065,Sakda,15-Oct-11,Mercury
100371,1640581,0.052000000000000005,Sakda,15-Oct-11,Mercury
100395,1629076,0.06,Chai,17-Oct-11,Mercury
100420,1630135,0.065,Chai,17-Oct-11,Mercury
100445,1631194,0.068,Chai,17-Oct-11,Mercury
100502,1614059,0.059000000000000004,Boonsri,26-Oct-11,Mercury
100535,1643794,0.324,Kohsoom,26-Oct-11,Mercury
100631,1616307,0.09,Somchair,3-Nov-11,Mercury
100655,1616784,0.11,Busarakhan,3-Nov-11,Mercury
100692,1617898,0.0,Achara,11-Nov-11,Mercury
100720,1629163,0.055999999999999994,Chai,11-Nov-11,Mercury
100747,1630222,0.05,Chai,11-Nov-11,Mercury
100774,1631281,0.055,Chai,11-Nov-11,Mercury
100801,1636293,0.045,Kannika,11-Nov-11,Mercury
100826,1637179,0.047,Kannika,11-Nov-11,Mercury
100851,1638065,0.057999999999999996,Kannika,11-Nov-11,Mercury
100876,1638932,0.061,Sakda,11-Nov-11,Mercury
100904,1639794,0.06,Sakda,11-Nov-11,Mercury
100932,1640656,0.065,Sakda,11-Nov-11,Mercury
100978,1616349,0.047,Somchair,16-Nov-11,Mercury
101006,1616826,0.075,Busarakhan,16-Nov-11,Mercury
101102,1643845,0.278,Kohsoom,23-Nov-11,Mercury
101137,1614139,0.059000000000000004,Boonsri,26-Nov-11,Mercury
101169,1614982,0.059000000000000004,Boonsri,26-Nov-11,Mercury
101201,1615825,0.059000000000000004,Boonsri,26-Nov-11,Mercury
101282,1629241,0.06,Chai,3-Dec-11,Mercury
101306,1630300,0.062,Chai,3-Dec-11,Mercury
101330,1631359,0.07,Chai,3-Dec-11,Mercury
101372,1643893,0.34,Kohsoom,7-Dec-11,Mercury
101401,1616387,0.062,Somchair,8-Dec-11,Mercury
101426,1616864,0.049,Busarakhan,8-Dec-11,Mercury
101496,1636337,0.065,Kannika,9-Dec-11,Mercury
101521,1637223,0.06,Kannika,9-Dec-11,Mercury
101546,1638109,0.057999999999999996,Kannika,9-Dec-11,Mercury
101571,1638980,0.047,Sakda,9-Dec-11,Mercury
101596,1639842,0.05,Sakda,9-Dec-11,Mercury
101621,1640704,0.05,Sakda,9-Dec-11,Mercury
101644,1617952,0.0,Achara,10-Dec-11,Mercury
101674,1614202,0.059000000000000004,Boonsri,14-Dec-11,Mercury
101709,1615045,0.059000000000000004,Boonsri,14-Dec-11,Mercury
101744,1615888,0.059000000000000004,Boonsri,14-Dec-11,Mercury
101885,1979241,0.055,Chai,11-Jan-12,Mercury
101915,1980192,0.06,Chai,11-Jan-12,Mercury
101945,1981143,0.064,Chai,11-Jan-12,Mercury
101984,2217767,0.07,Kannika,14-Jan-12,Mercury
102015,2218170,0.068,Kannika,14-Jan-12,Mercury
102046,2218581,0.085,Kannika,14-Jan-12,Mercury
102077,2218984,0.07,Sakda,14-Jan-12,Mercury
102108,2219386,0.068,Sakda,14-Jan-12,Mercury
102139,2219796,0.07,Sakda,14-Jan-12,Mercury
102238,2221396,0.18,Kohsoom,25-Jan-12,Mercury
102274,1962910,0.057999999999999996,Boonsri,26-Jan-12,Mercury
102348,1965534,0.07,Somchair,4-Feb-12,Mercury
102382,1966425,0.06,Busarakhan,4-Feb-12,Mercury
102414,1979334,0.055,Chai,5-Feb-12,Mercury
102445,1980285,0.06,Chai,5-Feb-12,Mercury
102476,1981236,0.068,Chai,5-Feb-12,Mercury
102528,2217812,0.038,Kannika,11-Feb-12,Mercury
102560,2218215,0.047,Kannika,11-Feb-12,Mercury
102592,2218626,0.055,Kannika,11-Feb-12,Mercury
102625,2219031,0.057999999999999996,Sakda,11-Feb-12,Mercury
102658,2219433,0.053,Sakda,11-Feb-12,Mercury
102691,2219843,0.055,Sakda,11-Feb-12,Mercury
102726,1962980,0.057999999999999996,Boonsri,15-Feb-12,Mercury
102762,1963879,0.049,Boonsri,15-Feb-12,Mercury
102798,1964713,0.102,Boonsri,15-Feb-12,Mercury
102930,1965588,0.046,Somchair,18-Feb-12,Mercury
102959,1966494,0.07200000000000001,Busarakhan,18-Feb-12,Mercury
102994,2221447,0.12,Kohsoom,23-Feb-12,Mercury
103267,1963067,0.0,Boonsri,24-Mar-12,Mercury
103303,1963966,0.0,Boonsri,24-Mar-12,Mercury
103339,1964800,0.0,Boonsri,24-Mar-12,Mercury
103443,2221499,0.244,Kohsoom,29-Mar-12,Mercury
103525,1963129,0.0,Boonsri,15-Apr-12,Mercury
103553,1964028,0.0,Boonsri,15-Apr-12,Mercury
103581,1964862,0.0,Boonsri,15-Apr-12,Mercury
103802,1967989,0.0,Achara,21-Apr-12,Mercury
103882,2221552,0.43,Kohsoom,27-Apr-12,Mercury
104221,1968049,0.0,Achara,19-May-12,Mercury
104275,1963234,0.11599999999999999,Boonsri,25-May-12,Mercury
104302,1964112,0.0,Boonsri,25-May-12,Mercury
104329,1964946,0.04,Boonsri,25-May-12,Mercury
104365,2221605,0.54,Kohsoom,25-May-12,Mercury
104527,2217942,0.065,Kannika,8-Jun-12,Mercury
104552,2218353,0.064,Kannika,8-Jun-12,Mercury
104577,2218756,0.065,Kannika,8-Jun-12,Mercury
104678,1963300,0.192,Boonsri,17-Jun-12,Mercury
104707,1964178,0.193,Boonsri,17-Jun-12,Mercury
104736,1965012,0.16699999999999998,Boonsri,17-Jun-12,Mercury
104801,2221658,0.17,Kohsoom,21-Jun-12,Mercury
105052,1963382,0.065,Boonsri,20-Jul-12,Mercury
105086,1964260,0.049,Boonsri,20-Jul-12,Mercury
105120,1965094,0.048,Boonsri,20-Jul-12,Mercury
105221,1968179,0.0,Achara,21-Jul-12,Mercury
105271,2221711,0.18,Kohsoom,26-Jul-12,Mercury
105447,1968214,0.0,Achara,16-Aug-12,Mercury
105541,1963465,0.0,Boonsri,23-Aug-12,Mercury
105575,1964343,0.0,Boonsri,23-Aug-12,Mercury
105609,1965177,0.033,Boonsri,23-Aug-12,Mercury
105645,2221764,0.13,Kohsoom,23-Aug-12,Mercury
106013,1968274,0.0,Achara,21-Sep-12,Mercury
106044,1963545,0.05,Boonsri,23-Sep-12,Mercury
106078,1964423,0.0,Boonsri,23-Sep-12,Mercury
106112,1965257,0.033,Boonsri,23-Sep-12,Mercury
106501,1968351,0.0,Achara,21-Oct-12,Mercury
106563,2221819,0.45,Kohsoom,25-Oct-12,Mercury
106626,1963630,0.0,Boonsri,29-Oct-12,Mercury
106660,1964508,0.054000000000000006,Boonsri,29-Oct-12,Mercury
106694,1965341,0.0,Boonsri,29-Oct-12,Mercury
107006,1968386,0.0,Achara,16-Nov-12,Mercury
107037,1963697,0.0,Boonsri,17-Nov-12,Mercury
107071,1964575,0.0,Boonsri,17-Nov-12,Mercury
107105,1965408,0.0,Boonsri,17-Nov-12,Mercury
107200,2221869,0.4,Kohsoom,24-Nov-12,Mercury
107501,1968460,0.0,Achara,10-Dec-12,Mercury
107532,1963770,0.057,Boonsri,13-Dec-12,Mercury
107594,2221920,0.14,Kohsoom,15-Dec-12,Mercury
107895,2161000,0.0,Boonsri,17-Jan-13,Mercury
107933,2162035,0.0,Boonsri,17-Jan-13,Mercury
107971,2163068,0.0,Boonsri,17-Jan-13,Mercury
108001,2166562,0.0,Achara,17-Jan-13,Mercury
108043,2165978,0.015,Decha,20-Jan-13,Mercury
108113,2188211,0.26,Kohsoom,25-Jan-13,Mercury
108360,2166599,0.0,Achara,15-Feb-13,Mercury
108470,2166032,0.015,Decha,17-Feb-13,Mercury
108500,2161088,0.0,Boonsri,21-Feb-13,Mercury
108538,2162123,0.0,Boonsri,21-Feb-13,Mercury
108576,2163156,0.0,Boonsri,21-Feb-13,Mercury
108616,2188267,0.32,Kohsoom,22-Feb-13,Mercury
108800,2166636,0.0,Achara,14-Mar-13,Mercury
108833,2161163,0.032,Boonsri,15-Mar-13,Mercury
108870,2162198,0.0,Boonsri,15-Mar-13,Mercury
108907,2163231,0.0,Boonsri,15-Mar-13,Mercury
108946,2188321,0.36,Kohsoom,15-Mar-13,Mercury
108991,2166076,0.015,Decha,17-Mar-13,Mercury
109240,2166674,0.0,Achara,12-Apr-13,Mercury
109306,2161248,0.0,Boonsri,14-Apr-13,Mercury
109348,2162283,0.0,Boonsri,14-Apr-13,Mercury
109390,2163316,0.0,Boonsri,14-Apr-13,Mercury
109560,2166124,0.015,Decha,18-Apr-13,Mercury
109592,2188375,0.14,Kohsoom,19-Apr-13,Mercury
109803,2166712,0.015,Achara,16-May-13,Mercury
109901,2161338,0.0,Boonsri,17-May-13,Mercury
109942,2162373,0.0,Boonsri,17-May-13,Mercury
109983,2163406,0.0,Boonsri,17-May-13,Mercury
110032,2166166,0.015,Decha,18-May-13,Mercury
110100,2188431,0.13,Kohsoom,23-May-13,Mercury
110181,2166750,0.02,Achara,14-Jun-13,Mercury
110274,2166214,0.015,Decha,17-Jun-13,Mercury
110327,2161429,0.0,Boonsri,20-Jun-13,Mercury
110368,2162464,0.0,Boonsri,20-Jun-13,Mercury
110409,2163497,0.0,Boonsri,20-Jun-13,Mercury
110598,2188488,0.11,Kohsoom,27-Jun-13,Mercury
110877,2166266,0.015,Decha,18-Jul-13,Mercury
110899,2166788,0.0,Achara,18-Jul-13,Mercury
110967,2161515,0.0,Boonsri,19-Jul-13,Mercury
111007,2162550,0.0,Boonsri,19-Jul-13,Mercury
111047,2163583,0.0,Boonsri,19-Jul-13,Mercury
111464,2161599,0.0,Boonsri,16-Aug-13,Mercury
111505,2162634,0.0,Boonsri,16-Aug-13,Mercury
111546,2163667,0.0,Boonsri,16-Aug-13,Mercury
111790,2166351,0.015,Decha,7-Sep-13,Mercury
111997,2166387,0.015,Decha,19-Sep-13,Mercury
112019,2166863,0.0,Achara,21-Sep-13,Mercury
112056,2161699,0.0,Boonsri,26-Sep-13,Mercury
112097,2162732,0.0,Boonsri,26-Sep-13,Mercury
112138,2163765,0.0,Boonsri,26-Sep-13,Mercury
112277,2178689,0.0,Chai,4-Oct-13,Mercury
112307,2179661,0.0,Chai,4-Oct-13,Mercury
112337,2180637,0.0,Chai,4-Oct-13,Mercury
112499,2161778,0.0,Boonsri,18-Oct-13,Mercury
112540,2162811,0.0,Boonsri,18-Oct-13,Mercury
112581,2163844,0.0,Boonsri,18-Oct-13,Mercury
112612,2166901,0.0,Achara,18-Oct-13,Mercury
112640,2166433,0.015,Decha,19-Oct-13,Mercury
113067,2161861,0.0,Boonsri,14-Nov-13,Mercury
113108,2162894,0.0,Boonsri,14-Nov-13,Mercury
113149,2163927,0.0,Boonsri,14-Nov-13,Mercury
113180,2166937,0.03,Achara,15-Nov-13,Mercury
113255,2166479,0.13,Decha,21-Nov-13,Mercury
113627,2166526,0.02,Decha,13-Dec-13,Mercury
113648,2166973,0.0,Achara,13-Dec-13,Mercury
113721,2161947,0.044000000000000004,Boonsri,14-Dec-13,Mercury
113762,2162980,0.0,Boonsri,14-Dec-13,Mercury
113803,2164013,0.12,Boonsri,14-Dec-13,Mercury
113968,2622836,0.05,Kannika,11-Jan-14,Mercury
114000,2623337,0.05,Kannika,11-Jan-14,Mercury
114032,2623839,0.05,Kannika,11-Jan-14,Mercury
114071,2567170,0.0,Achara,16-Jan-14,Mercury
114204,2561134,0.0,Boonsri,23-Jan-14,Mercury
114242,2562446,0.0,Boonsri,23-Jan-14,Mercury
114280,2563541,0.0,Boonsri,23-Jan-14,Mercury
114495,2567203,0.0,Achara,15-Feb-14,Mercury
114575,2561215,0.037000000000000005,Boonsri,24-Feb-14,Mercury
114610,2562527,0.051,Boonsri,24-Feb-14,Mercury
114645,2563622,0.048,Boonsri,24-Feb-14,Mercury
115005,2561284,0.0441,Boonsri,15-Mar-14,Mercury
115060,2567234,0.0,Achara,19-Mar-14,Mercury
115751,2567273,0.03,Achara,18-Apr-14,Mercury
115807,2561432,0.10099999999999999,Boonsri,23-Apr-14,Mercury
115841,2562699,0.06,Boonsri,23-Apr-14,Mercury
115874,2563794,0.21899999999999997,Boonsri,23-Apr-14,Mercury
116285,2567307,0.022000000000000002,Achara,16-May-14,Mercury
116384,2561542,0.042,Boonsri,22-May-14,Mercury
116596,2622985,0.05,Kannika,12-Jun-14,Mercury
116631,2623488,0.05,Kannika,12-Jun-14,Mercury
116666,2623990,0.05,Kannika,12-Jun-14,Mercury
116934,2567347,0.0,Achara,20-Jun-14,Mercury
117006,2561651,0.031,Boonsri,21-Jun-14,Mercury
117040,2562866,0.0265,Boonsri,21-Jun-14,Mercury
117075,2563961,0.0463,Boonsri,21-Jun-14,Mercury
117112,2566801,0.02,Decha,21-Jun-14,Mercury
117212,2624520,0.015,Sakda,4-Jul-14,Mercury
117238,2625017,0.043,Sakda,4-Jul-14,Mercury
117264,2625514,0.0,Sakda,4-Jul-14,Mercury
117300,2623031,0.0,Kannika,10-Jul-14,Mercury
117326,2623533,0.015,Kannika,10-Jul-14,Mercury
117353,2624036,0.021,Kannika,10-Jul-14,Mercury
117386,2565078,0.05,Somchair,12-Jul-14,Mercury
117414,2566076,0.05,Busarakhan,12-Jul-14,Mercury
117532,2578306,0.05,Chai,16-Jul-14,Mercury
117555,2579301,0.05,Chai,16-Jul-14,Mercury
117578,2580297,0.05,Chai,16-Jul-14,Mercury
117603,2566848,0.02,Decha,17-Jul-14,Mercury
117623,2567380,0.0,Achara,18-Jul-14,Mercury
117653,2561765,0.0254,Boonsri,23-Jul-14,Mercury
117684,2562980,0.034,Boonsri,23-Jul-14,Mercury
117715,2564075,0.069,Boonsri,23-Jul-14,Mercury
118007,2623066,0.0,Kannika,14-Aug-14,Mercury
118029,2623568,0.0,Kannika,14-Aug-14,Mercury
118051,2624071,0.0,Kannika,14-Aug-14,Mercury
118076,2566898,0.02,Decha,16-Aug-14,Mercury
118103,2567420,0.0,Achara,16-Aug-14,Mercury
118160,2624564,0.0,Sakda,22-Aug-14,Mercury
118194,2625061,0.0,Sakda,22-Aug-14,Mercury
118228,2625558,0.0,Sakda,22-Aug-14,Mercury
118310,2561876,0.0762,Boonsri,27-Aug-14,Mercury
118345,2563091,0.0,Boonsri,27-Aug-14,Mercury
118380,2564186,0.0,Boonsri,27-Aug-14,Mercury
118665,2623110,0.0,Kannika,6-Sep-14,Mercury
118698,2623611,0.0,Kannika,6-Sep-14,Mercury
118732,2624115,0.0,Kannika,6-Sep-14,Mercury
118763,2624608,0.0,Sakda,6-Sep-14,Mercury
118796,2625105,0.0,Sakda,6-Sep-14,Mercury
118829,2625602,0.0,Sakda,6-Sep-14,Mercury
118921,2623154,0.0,Kannika,11-Sep-14,Mercury
118952,2623655,0.0,Kannika,11-Sep-14,Mercury
118983,2624159,0.0,Kannika,11-Sep-14,Mercury
119023,2624655,0.0,Sakda,12-Sep-14,Mercury
119053,2625152,0.0,Sakda,12-Sep-14,Mercury
119083,2625649,0.0,Sakda,12-Sep-14,Mercury
119177,2561975,0.033,Boonsri,17-Sep-14,Mercury
119211,2563160,0.0,Boonsri,17-Sep-14,Mercury
119246,2564256,0.0,Boonsri,17-Sep-14,Mercury
119294,2567452,0.0,Achara,19-Sep-14,Mercury
119328,2566967,0.02,Decha,20-Sep-14,Mercury
119500,2623202,0.0,Kannika,9-Oct-14,Mercury
119534,2623704,0.0,Kannika,9-Oct-14,Mercury
119568,2624208,0.0,Kannika,9-Oct-14,Mercury
119698,2624702,0.023,Sakda,15-Oct-14,Mercury
119733,2625199,0.0,Sakda,15-Oct-14,Mercury
119768,2625696,0.0,Sakda,15-Oct-14,Mercury
119847,2567494,0.0,Achara,17-Oct-14,Mercury
119917,2567023,0.02,Decha,18-Oct-14,Mercury
119954,2562090,0.023,Boonsri,23-Oct-14,Mercury
119989,2563246,0.023,Boonsri,23-Oct-14,Mercury
120024,2564341,0.025,Boonsri,23-Oct-14,Mercury
120323,2623247,0.0,Kannika,6-Nov-14,Mercury
120355,2623749,0.0,Kannika,6-Nov-14,Mercury
120387,2624253,0.0,Kannika,6-Nov-14,Mercury
120420,2624750,0.0,Sakda,6-Nov-14,Mercury
120453,2625247,0.0,Sakda,6-Nov-14,Mercury
120486,2625744,0.0,Sakda,6-Nov-14,Mercury
120718,2567077,0.02,Decha,20-Nov-14,Mercury
120790,2567527,0.055,Achara,21-Nov-14,Mercury
120879,2562264,0.0,Boonsri,27-Nov-14,Mercury
120910,2563386,0.0,Boonsri,27-Nov-14,Mercury
120944,2564480,0.0,Boonsri,27-Nov-14,Mercury
121105,2565501,0.0347,Somchair,6-Dec-14,Mercury
121133,2566512,0.038,Busarakhan,6-Dec-14,Mercury
121158,2567121,0.02,Decha,10-Dec-14,Mercury
121197,2578749,0.033,Chai,10-Dec-14,Mercury
121211,2579743,0.0611,Chai,10-Dec-14,Mercury
121225,2580740,0.0461,Chai,10-Dec-14,Mercury
121254,2562353,0.0,Boonsri,11-Dec-14,Mercury
121287,2563448,0.0,Boonsri,11-Dec-14,Mercury
121320,2564543,0.017,Boonsri,11-Dec-14,Mercury
121370,2623293,0.0,Kannika,11-Dec-14,Mercury
121402,2623795,0.0,Kannika,11-Dec-14,Mercury
121434,2624299,0.0,Kannika,11-Dec-14,Mercury
121466,2624796,0.0,Sakda,11-Dec-14,Mercury
121498,2625293,0.0,Sakda,11-Dec-14,Mercury
121530,2625790,0.0,Sakda,11-Dec-14,Mercury
121560,2567568,0.0,Achara,12-Dec-14,Mercury
121695,3443472,0.0,Kannika,8-Jan-15,Mercury
121732,3444024,0.0,Kannika,8-Jan-15,Mercury
121769,3444578,0.0,Kannika,8-Jan-15,Mercury
121806,3445126,0.0,Sakda,8-Jan-15,Mercury
121843,3445679,0.0,Sakda,8-Jan-15,Mercury
121880,3446230,0.0,Sakda,8-Jan-15,Mercury
122000,3438146,0.0575,Chai,9-Jan-15,Mercury
122023,3439108,0.0404,Chai,9-Jan-15,Mercury
122113,3383472,0.0356,Somchair,16-Jan-15,Mercury
122136,3384434,0.0875,Busarakhan,16-Jan-15,Mercury
122179,3385934,0.0,Achara,17-Jan-15,Mercury
122306,3393934,0.015,Tansanee,5-Feb-15,Mercury
122429,3443521,0.0,Kannika,12-Feb-15,Mercury
122464,3444073,0.0,Kannika,12-Feb-15,Mercury
122499,3444627,0.0,Kannika,12-Feb-15,Mercury
122534,3445175,0.0,Sakda,12-Feb-15,Mercury
122569,3445728,0.0,Sakda,12-Feb-15,Mercury
122604,3446279,0.0,Sakda,12-Feb-15,Mercury
122736,3385430,0.049,Decha,14-Feb-15,Mercury
122861,3385978,0.0,Achara,21-Feb-15,Mercury
123187,3386014,0.0,Achara,13-Mar-15,Mercury
123447,3393976,0.032,Tansanee,20-Mar-15,Mercury
123598,3443611,0.065,Kannika,2-Apr-15,Mercury
123627,3444163,0.0,Kannika,2-Apr-15,Mercury
123656,3444713,0.043,Kannika,2-Apr-15,Mercury
123685,3445265,0.076,Sakda,2-Apr-15,Mercury
123742,3446369,0.154,Sakda,2-Apr-15,Mercury
123769,3394020,0.0,Tansanee,3-Apr-15,Mercury
123980,3385524,0.03,Decha,18-Apr-15,Mercury
124006,3386055,0.0,Achara,18-Apr-15,Mercury
124492,3386092,0.0,Achara,15-May-15,Mercury
124612,3385578,0.017,Decha,22-May-15,Mercury
124759,3443702,0.0,Kannika,4-Jun-15,Mercury
124792,3444255,0.0,Kannika,4-Jun-15,Mercury
124825,3444803,0.0,Kannika,4-Jun-15,Mercury
125151,3385628,0.0,Decha,18-Jun-15,Mercury
125211,3445355,0.0,Sakda,18-Jun-15,Mercury
125244,3445907,0.0,Sakda,18-Jun-15,Mercury
125277,3446461,0.0,Sakda,18-Jun-15,Mercury
125307,3386139,0.0,Achara,20-Jun-15,Mercury
125389,3443749,0.0,Kannika,2-Jul-15,Mercury
125423,3444302,0.0,Kannika,2-Jul-15,Mercury
125457,3444850,0.0,Kannika,2-Jul-15,Mercury
125593,3445403,0.0,Sakda,10-Jul-15,Mercury
125626,3445955,0.0,Sakda,10-Jul-15,Mercury
125659,3446509,0.0,Sakda,10-Jul-15,Mercury
125823,3386176,0.0,Achara,16-Jul-15,Mercury
125844,3385667,0.0,Decha,18-Jul-15,Mercury
126184,3394189,0.0,Tansanee,13-Aug-15,Mercury
126223,3443793,0.08900000000000001,Kannika,19-Aug-15,Mercury
126254,3444346,0.055999999999999994,Kannika,19-Aug-15,Mercury
126285,3444894,0.043,Kannika,19-Aug-15,Mercury
126396,3385719,0.0,Decha,20-Aug-15,Mercury
126454,3445446,0.057,Sakda,20-Aug-15,Mercury
126484,3445998,0.065,Sakda,20-Aug-15,Mercury
126514,3446552,0.06,Sakda,20-Aug-15,Mercury
126576,3386222,0.0,Achara,22-Aug-15,Mercury
126905,3386259,0.067,Achara,18-Sep-15,Mercury
126939,3385775,0.0,Decha,19-Sep-15,Mercury
127123,3443841,0.0,Kannika,24-Sep-15,Mercury
127158,3444394,0.0,Kannika,24-Sep-15,Mercury
127193,3444942,0.0,Kannika,24-Sep-15,Mercury
127235,3445495,0.0,Sakda,25-Sep-15,Mercury
127271,3446047,0.0,Sakda,25-Sep-15,Mercury
127307,3446601,0.0,Sakda,25-Sep-15,Mercury
127404,3444442,0.0,Kannika,8-Oct-15,Mercury
127644,3386305,0.0,Achara,16-Oct-15,Mercury
128149,3443933,0.0,Kannika,19-Nov-15,Mercury
128183,3444487,0.0,Kannika,19-Nov-15,Mercury
128217,3445035,0.0,Kannika,19-Nov-15,Mercury
128251,3445588,0.0,Sakda,19-Nov-15,Mercury
128285,3446139,0.0,Sakda,19-Nov-15,Mercury
128319,3446694,0.0,Sakda,19-Nov-15,Mercury
128342,3385862,0.0,Decha,20-Nov-15,Mercury
128363,3386341,0.0,Achara,20-Nov-15,Mercury
128688,3386382,0.0,Achara,9-Dec-15,Mercury
128776,3443978,0.0,Kannika,10-Dec-15,Mercury
128807,3444532,0.0,Kannika,10-Dec-15,Mercury
128838,3445080,0.019,Kannika,10-Dec-15,Mercury
128869,3445633,0.0,Sakda,10-Dec-15,Mercury
128900,3446184,0.0,Sakda,10-Dec-15,Mercury
128931,3446739,0.0,Sakda,10-Dec-15,Mercury
128990,3385902,0.0,Decha,17-Dec-15,Mercury
129160,3300207,0.0,Kannika,9-Jan-16,Mercury
129192,3300771,0.0,Kannika,9-Jan-16,Mercury
129224,3301338,0.0,Kannika,9-Jan-16,Mercury
129256,3301905,0.0,Sakda,9-Jan-16,Mercury
129288,3302440,0.0,Sakda,9-Jan-16,Mercury
129320,3302975,0.0,Sakda,9-Jan-16,Mercury
129416,3283454,0.0,Achara,15-Jan-16,Mercury
129520,3282916,0.0,Decha,21-Jan-16,Mercury
129664,3280983,0.062,Somchair,6-Feb-16,Mercury
129742,3281027,0.07200000000000001,Somchair,11-Feb-16,Mercury
129761,3282030,0.047,Busarakhan,11-Feb-16,Mercury
129968,3283495,0.0,Achara,12-Feb-16,Mercury
130332,3293684,0.023,Chai,5-Mar-16,Mercury
130355,3294726,0.079,Chai,5-Mar-16,Mercury
130378,3295989,0.07,Chai,5-Mar-16,Mercury
130418,3281099,0.08,Somchair,11-Mar-16,Mercury
130471,3300296,0.033,Kannika,11-Mar-16,Mercury
130504,3300860,0.038,Kannika,11-Mar-16,Mercury
130537,3301427,0.0,Kannika,11-Mar-16,Mercury
130570,3301993,0.0,Sakda,11-Mar-16,Mercury
130601,3302528,0.0,Sakda,11-Mar-16,Mercury
130632,3303063,0.0,Sakda,11-Mar-16,Mercury
130656,3283532,0.0,Achara,12-Mar-16,Mercury
130818,3283000,0.019,Decha,18-Mar-16,Mercury
130952,3293759,0.0,Chai,1-Apr-16,Mercury
130978,3294826,0.0,Chai,1-Apr-16,Mercury
131004,3296064,0.0,Chai,1-Apr-16,Mercury
131036,3300344,0.0,Kannika,1-Apr-16,Mercury
131069,3300908,0.0,Kannika,1-Apr-16,Mercury
131102,3301475,0.0,Kannika,1-Apr-16,Mercury
131135,3302037,0.0,Sakda,1-Apr-16,Mercury
131166,3302572,0.0,Sakda,1-Apr-16,Mercury
131197,3303107,0.0,Sakda,1-Apr-16,Mercury
131253,3281176,0.024,Somchair,8-Apr-16,Mercury
131280,3282177,0.071,Busarakhan,8-Apr-16,Mercury
131350,3283047,0.031,Decha,15-Apr-16,Mercury
131402,3283574,0.0,Achara,16-Apr-16,Mercury
131634,3293851,0.0,Chai,12-May-16,Mercury
131658,3294957,0.0,Chai,12-May-16,Mercury
131682,3296156,0.0,Chai,12-May-16,Mercury
131711,3283612,0.0,Achara,13-May-16,Mercury
131743,3300391,0.0,Kannika,13-May-16,Mercury
131776,3300955,0.0,Kannika,13-May-16,Mercury
131809,3301522,0.0,Kannika,13-May-16,Mercury
131842,3302081,0.0,Sakda,13-May-16,Mercury
131875,3302616,0.0,Sakda,13-May-16,Mercury
131908,3303151,0.0,Sakda,13-May-16,Mercury
131935,3281264,0.0,Somchair,14-May-16,Mercury
131959,3282265,0.0,Busarakhan,14-May-16,Mercury
132252,3293924,0.099,Chai,3-Jun-16,Mercury
132276,3295049,0.068,Chai,3-Jun-16,Mercury
132300,3296229,0.07200000000000001,Chai,3-Jun-16,Mercury
132330,3300439,0.0,Kannika,3-Jun-16,Mercury
132363,3301003,0.0,Kannika,3-Jun-16,Mercury
132396,3301570,0.0,Kannika,3-Jun-16,Mercury
132434,3283655,0.0,Achara,11-Jun-16,Mercury
132466,3302128,0.0,Sakda,11-Jun-16,Mercury
132497,3302663,0.0,Sakda,11-Jun-16,Mercury
132528,3303198,0.0,Sakda,11-Jun-16,Mercury
132682,3281347,0.035,Somchair,16-Jun-16,Mercury
132890,3300486,0.0,Kannika,1-Jul-16,Mercury
132923,3301050,0.0,Kannika,1-Jul-16,Mercury
132956,3301617,0.0,Kannika,1-Jul-16,Mercury
133011,3294003,0.0,Chai,2-Jul-16,Mercury
133038,3295155,0.0,Chai,2-Jul-16,Mercury
133065,3296308,0.017,Chai,2-Jul-16,Mercury
133101,3302172,0.0,Sakda,8-Jul-16,Mercury
133132,3302707,0.0,Sakda,8-Jul-16,Mercury
133163,3303242,0.0,Sakda,8-Jul-16,Mercury
133251,3281423,0.049,Somchair,14-Jul-16,Mercury
133276,3282421,0.03,Busarakhan,14-Jul-16,Mercury
133311,3283693,0.0,Achara,16-Jul-16,Mercury
133659,3294102,0.036000000000000004,Chai,5-Aug-16,Mercury
133683,3295285,0.019,Chai,5-Aug-16,Mercury
133707,3296407,0.0,Chai,5-Aug-16,Mercury
133739,3300534,0.0,Kannika,7-Aug-16,Mercury
133772,3301098,0.0,Kannika,7-Aug-16,Mercury
133805,3301665,0.0,Kannika,7-Aug-16,Mercury
133835,3281514,0.019,Somchair,11-Aug-16,Mercury
133859,3282514,0.0,Busarakhan,11-Aug-16,Mercury
133968,3283234,0.106,Decha,19-Aug-16,Mercury
133996,3302218,0.0,Sakda,19-Aug-16,Mercury
134026,3302753,0.0,Sakda,19-Aug-16,Mercury
134056,3303288,0.0,Sakda,19-Aug-16,Mercury
134092,3283736,0.0,Achara,20-Aug-16,Mercury
134337,3294182,0.064,Chai,3-Sep-16,Mercury
134361,3295391,0.027000000000000003,Chai,3-Sep-16,Mercury
134385,3296487,0.048,Chai,3-Sep-16,Mercury
134414,3302263,0.0,Sakda,3-Sep-16,Mercury
134445,3302798,0.0,Sakda,3-Sep-16,Mercury
134476,3303333,0.0,Sakda,3-Sep-16,Mercury
134568,3281593,0.0,Somchair,9-Sep-16,Mercury
134593,3282592,0.0,Busarakhan,9-Sep-16,Mercury
134688,3300581,0.0,Kannika,16-Sep-16,Mercury
134721,3301146,0.0,Kannika,16-Sep-16,Mercury
134754,3301713,0.0,Kannika,16-Sep-16,Mercury
135022,3302307,0.0,Sakda,1-Oct-16,Mercury
135053,3302842,0.0,Sakda,1-Oct-16,Mercury
135084,3303377,0.0,Sakda,1-Oct-16,Mercury
135117,3300629,0.0,Kannika,2-Oct-16,Mercury
135150,3301194,0.0,Kannika,2-Oct-16,Mercury
135183,3301761,0.0,Kannika,2-Oct-16,Mercury
135225,3294279,0.0,Chai,8-Oct-16,Mercury
135252,3295520,0.0,Chai,8-Oct-16,Mercury
135279,3296584,0.0,Chai,8-Oct-16,Mercury
135321,3283323,0.0,Decha,14-Oct-16,Mercury
135348,3281691,0.035,Somchair,15-Oct-16,Mercury
135375,3282689,0.0,Busarakhan,15-Oct-16,Mercury
135617,3283818,0.0,Achara,22-Oct-16,Mercury
135688,3302352,0.0,Sakda,4-Nov-16,Mercury
135718,3302887,0.0,Sakda,4-Nov-16,Mercury
135748,3303422,0.0,Sakda,4-Nov-16,Mercury
135805,3294366,0.016,Chai,11-Nov-16,Mercury
135829,3295639,0.067,Chai,11-Nov-16,Mercury
135881,3300677,0.0,Kannika,11-Nov-16,Mercury
135914,3301243,0.0,Kannika,11-Nov-16,Mercury
135947,3301810,0.0,Kannika,11-Nov-16,Mercury
135974,3281772,0.02,Somchair,12-Nov-16,Mercury
135998,3282769,0.016,Busarakhan,12-Nov-16,Mercury
136131,3283856,0.0,Achara,19-Nov-16,Mercury
136182,3283372,0.0,Decha,20-Nov-16,Mercury
136284,3301290,0.0,Kannika,2-Dec-16,Mercury
136317,3301857,0.0,Kannika,2-Dec-16,Mercury
136349,3302395,0.0,Sakda,2-Dec-16,Mercury
136379,3302930,0.0,Sakda,2-Dec-16,Mercury
136409,3303465,0.0,Sakda,2-Dec-16,Mercury
136443,3294437,0.017,Chai,3-Dec-16,Mercury
136467,3295730,0.015,Chai,3-Dec-16,Mercury
136491,3296740,0.0,Chai,3-Dec-16,Mercury
136542,3282843,0.0,Busarakhan,8-Dec-16,Mercury
136710,3283896,0.0,Achara,10-Dec-16,Mercury
136775,3283410,0.0,Decha,16-Dec-16,Mercury
